chargeback_id,transaction_id,reason,amount,opened_at,resolved_at
CB0000001,T00000346,fraud,1002.68,2026-06-11,
CB0000002,T00000390,service_not_received,32.46,2026-06-26,2026-08-18
CB0000003,T00000442,duplicate,10.57,2026-06-26,2026-07-18
CB0000004,T00000573,duplicate,244.41,2026-06-22,2026-07-18
CB0000005,T00000773,fraud,1497.22,2026-06-18,
CB0000006,T00000802,duplicate,133.15,2026-05-25,2026-06-15
CB0000007,T00000830,customer_dispute,3.53,2026-05-22,2026-06-07
CB0000008,T00000886,service_not_received,892.18,2026-05-13,2026-07-07
CB0000009,T00000954,fraud,1712.49,2026-04-01,2026-05-25
CB0000010,T00001291,service_not_received,48.14,2026-06-22,
CB0000011,T00001381,fraud,719.72,2026-03-01,2026-03-25
CB0000012,T00001393,customer_dispute,16.03,2026-06-01,2026-07-17
CB0000013,T00001458,service_not_received,36.63,2026-05-26,2026-07-20
CB0000014,T00001637,customer_dispute,12.6,2026-06-21,2026-07-19
CB0000015,T00001672,service_not_received,95.79,2026-05-10,2026-05-20
CB0000016,T00001685,service_not_received,34.19,2026-04-01,
CB0000017,T00001716,customer_dispute,23.94,2026-07-23,
CB0000018,T00001761,customer_dispute,18.9,2026-06-10,2026-07-29
CB0000019,T00001823,fraud,15.94,2026-05-10,2026-06-06
CB0000020,T00001831,fraud,2647.26,2026-04-27,2026-05-22
CB0000021,T00001858,service_not_received,48.23,2026-07-23,2026-08-10
CB0000022,T00002063,fraud,9.32,2026-03-24,
CB0000023,T00002322,fraud,3745.45,2026-06-11,2026-07-20
CB0000024,T00002354,fraud,1355.84,2026-05-30,2026-07-17
CB0000025,T00002366,duplicate,317.25,2026-07-08,2026-08-19
CB0000026,T00002552,service_not_received,5191.38,2026-04-14,2026-06-06
CB0000027,T00002701,fraud,508.68,2026-04-30,2026-06-01
CB0000028,T00002780,fraud,51.37,2026-04-21,
CB0000029,T00002874,service_not_received,4242.66,2026-07-04,2026-08-27
CB0000030,T00002937,service_not_received,1985.09,2026-06-08,2026-07-05
CB0000031,T00003100,fraud,71.11,2026-07-17,2026-09-12
CB0000032,T00003361,service_not_received,581.11,2026-07-06,
CB0000033,T00003452,fraud,32.1,2026-06-14,2026-07-25
CB0000034,T00003512,service_not_received,74.17,2026-03-28,2026-05-22
CB0000035,T00003557,service_not_received,2270.56,2026-03-12,2026-04-30
CB0000036,T00003634,service_not_received,1062.59,2026-05-24,2026-07-17
CB0000037,T00003839,duplicate,2441.85,2026-06-25,2026-07-06
CB0000038,T00003907,fraud,4613.61,2026-04-24,2026-06-21
CB0000039,T00003914,customer_dispute,1504.87,2026-04-20,2026-06-01
CB0000040,T00003985,customer_dispute,20402.56,2026-03-15,
CB0000041,T00004058,service_not_received,1887.48,2026-04-29,
CB0000042,T00004188,duplicate,1331.51,2026-02-07,2026-03-30
CB0000043,T00004226,duplicate,7.74,2026-04-30,2026-06-06
CB0000044,T00004279,service_not_received,23.77,2026-07-13,
CB0000045,T00004341,fraud,60.19,2026-03-28,2026-05-02
CB0000046,T00004399,fraud,58.22,2026-07-22,2026-09-08
CB0000047,T00004498,customer_dispute,27.59,2026-04-27,2026-06-09
CB0000048,T00004507,service_not_received,3375.68,2026-07-05,
CB0000049,T00004518,duplicate,76.57,2026-04-25,
CB0000050,T00004584,duplicate,43.44,2026-03-26,2026-04-09
CB0000051,T00004597,fraud,1053.85,2026-03-17,
CB0000052,T00004627,fraud,15.89,2026-05-16,2026-06-05
CB0000053,T00004781,fraud,863.54,2026-04-20,2026-05-14
CB0000054,T00004908,customer_dispute,2124.19,2026-04-02,
CB0000055,T00004988,customer_dispute,30.15,2026-04-19,2026-06-13
CB0000056,T00005039,fraud,1889.0,2026-05-25,2026-07-14
CB0000057,T00005076,service_not_received,106.41,2026-05-28,2026-06-23
CB0000058,T00005080,fraud,16.79,2026-05-26,2026-06-18
CB0000059,T00005153,fraud,13.26,2026-06-22,2026-07-09
CB0000060,T00005161,duplicate,16.14,2026-07-04,2026-08-01
CB0000061,T00005250,fraud,246.84,2026-05-20,2026-06-28
CB0000062,T00005318,service_not_received,532.23,2026-05-08,2026-06-10
CB0000063,T00005476,fraud,96.29,2026-05-23,2026-07-08
CB0000064,T00005489,fraud,44.71,2026-03-27,2026-04-23
CB0000065,T00005548,fraud,466.94,2026-04-08,2026-04-19
CB0000066,T00005685,fraud,36.29,2026-05-06,2026-06-07
CB0000067,T00005695,service_not_received,18.07,2026-06-04,2026-07-16
CB0000068,T00005779,service_not_received,21.89,2026-02-06,2026-02-23
CB0000069,T00005979,duplicate,23.63,2026-02-26,2026-04-16
CB0000070,T00006073,fraud,1219.22,2026-03-26,2026-04-05
CB0000071,T00006315,duplicate,381.54,2026-05-07,2026-06-24
CB0000072,T00006321,fraud,2347.3,2026-03-10,2026-04-28
CB0000073,T00006382,duplicate,38.33,2026-07-07,2026-08-12
CB0000074,T00006414,service_not_received,108.11,2026-06-21,2026-07-19
CB0000075,T00006416,service_not_received,4.06,2026-06-07,2026-06-30
CB0000076,T00006445,fraud,11.01,2026-05-05,
CB0000077,T00006546,service_not_received,2104.81,2026-07-10,
CB0000078,T00006547,duplicate,0.0,2026-08-10,2026-08-27
CB0000079,T00006578,fraud,96.9,2026-07-05,
CB0000080,T00006589,service_not_received,1677.57,2026-02-27,
CB0000081,T00006670,service_not_received,645.73,2026-04-27,2026-05-27
CB0000082,T00006688,fraud,25.91,2026-06-09,2026-07-27
CB0000083,T00006695,customer_dispute,485.23,2026-03-07,
CB0000084,T00006855,customer_dispute,10.54,2026-02-26,2026-03-27
CB0000085,T00006973,service_not_received,93.73,2026-06-16,2026-08-06
CB0000086,T00007000,fraud,1697.3,2026-04-29,2026-06-14
CB0000087,T00007007,customer_dispute,390.18,2026-06-05,
CB0000088,T00007042,duplicate,4458.7,2026-06-22,2026-07-21
CB0000089,T00007079,customer_dispute,24.11,2026-07-01,2026-07-20
CB0000090,T00007134,customer_dispute,156.98,2026-07-23,2026-08-18
CB0000091,T00007313,fraud,706.07,2026-06-15,2026-06-30
CB0000092,T00007406,duplicate,7.93,2026-05-01,2026-05-25
CB0000093,T00007450,service_not_received,83.05,2026-04-21,2026-05-28
CB0000094,T00007486,service_not_received,1748.16,2026-03-27,
CB0000095,T00007612,fraud,0.0,2026-06-24,2026-07-26
CB0000096,T00007636,fraud,178.87,2026-03-16,2026-04-18
CB0000097,T00007707,service_not_received,32.83,2026-07-05,2026-08-04
CB0000098,T00007844,customer_dispute,7957.75,2026-05-14,2026-06-26
CB0000099,T00007877,service_not_received,2581.17,2026-03-13,2026-04-19
CB0000100,T00007984,fraud,89.42,2026-05-13,2026-06-06
CB0000101,T00008010,fraud,37.03,2026-04-11,2026-06-05
CB0000102,T00008074,customer_dispute,8.95,2026-07-13,
CB0000103,T00008133,fraud,19.85,2026-03-25,
CB0000104,T00008148,fraud,20.47,2026-05-04,2026-06-20
CB0000105,T00008277,customer_dispute,3296.63,2026-03-24,2026-05-13
CB0000106,T00008308,customer_dispute,71.47,2026-07-05,2026-08-07
CB0000107,T00008491,service_not_received,182.19,2026-02-03,2026-02-18
CB0000108,T00008609,fraud,1183.0,2026-06-23,2026-07-14
CB0000109,T00008620,customer_dispute,2681.24,2026-06-23,2026-08-09
CB0000110,T00008699,customer_dispute,1817.04,2026-02-20,2026-04-16
CB0000111,T00008718,fraud,56.32,2026-07-13,2026-08-20
CB0000112,T00008780,customer_dispute,4932.65,2026-07-02,2026-08-23
CB0000113,T00008949,service_not_received,2385.08,2026-05-15,2026-06-13
CB0000114,T00009013,duplicate,46.01,2026-07-15,2026-08-30
CB0000115,T00009105,fraud,25.74,2026-07-24,2026-08-22
CB0000116,T00009163,service_not_received,2638.99,2026-06-02,2026-07-15
CB0000117,T00009165,customer_dispute,16.65,2026-05-28,2026-06-07
CB0000118,T00009167,fraud,117.18,2026-06-08,2026-06-24
CB0000119,T00009222,customer_dispute,2112.8,2026-06-04,2026-06-26
CB0000120,T00009269,fraud,3329.87,2026-04-09,
CB0000121,T00009291,duplicate,42.93,2026-07-28,2026-09-06
CB0000122,T00009345,duplicate,2316.02,2026-04-25,2026-06-17
CB0000123,T00009476,service_not_received,1214.46,2026-07-18,2026-07-29
CB0000124,T00009585,service_not_received,7154.35,2026-07-04,2026-07-23
CB0000125,T00009650,fraud,2446.19,2026-05-23,2026-06-19
CB0000126,T00009828,fraud,21.78,2026-02-10,2026-03-13
CB0000127,T00009990,fraud,1435.45,2026-07-03,2026-08-08
CB0000128,T00010175,customer_dispute,229.92,2026-05-12,2026-06-29
CB0000129,T00010235,fraud,20.7,2026-07-10,2026-07-28
CB0000130,T00010283,fraud,1568.26,2026-05-10,2026-06-12
CB0000131,T00010286,customer_dispute,2325.19,2026-06-22,2026-07-20
CB0000132,T00010373,fraud,44.05,2026-07-05,2026-08-26
CB0000133,T00010461,fraud,2336.5,2026-08-05,
CB0000134,T00010497,customer_dispute,1872.21,2026-06-22,2026-08-17
CB0000135,T00010551,service_not_received,17.57,2026-05-29,2026-07-11
CB0000136,T00010772,fraud,27.98,2026-08-07,2026-09-27
CB0000137,T00010840,fraud,580.51,2026-03-19,
CB0000138,T00010874,fraud,458.18,2026-04-01,2026-05-03
CB0000139,T00010876,fraud,998.22,2026-08-06,
CB0000140,T00010925,customer_dispute,56.06,2026-05-02,2026-06-21
CB0000141,T00010935,service_not_received,49.73,2026-04-10,2026-05-16
CB0000142,T00010943,service_not_received,219.45,2026-06-11,
CB0000143,T00011516,fraud,63.72,2026-05-16,2026-06-11
CB0000144,T00011555,service_not_received,1605.44,2026-05-08,
CB0000145,T00011705,fraud,194.77,2026-05-12,
CB0000146,T00011830,service_not_received,114.51,2026-03-16,2026-05-04
CB0000147,T00011837,service_not_received,1659.53,2026-06-16,
CB0000148,T00011856,service_not_received,3202.86,2026-03-17,
CB0000149,T00011974,fraud,826.1,2026-07-01,2026-08-16
CB0000150,T00011988,customer_dispute,69.59,2026-02-22,2026-03-19
CB0000151,T00012132,service_not_received,1370.41,2026-06-20,2026-07-02
CB0000152,T00012225,fraud,12.79,2026-04-25,2026-05-27
CB0000153,T00012240,service_not_received,81.9,2026-04-30,2026-05-18
CB0000154,T00012299,fraud,13.38,2026-07-06,2026-08-19
CB0000155,T00012379,fraud,2580.51,2026-07-25,
CB0000156,T00012640,fraud,4213.53,2026-02-09,
CB0000157,T00012703,service_not_received,4387.95,2026-04-05,2026-04-28
CB0000158,T00012768,fraud,38.9,2026-05-28,2026-07-14
CB0000159,T00012916,service_not_received,4143.75,2026-06-10,2026-07-31
CB0000160,T00013117,fraud,3107.01,2026-05-31,2026-07-14
CB0000161,T00013347,service_not_received,33.87,2026-02-19,
CB0000162,T00013348,duplicate,3798.45,2026-03-31,
CB0000163,T00013848,customer_dispute,1733.73,2026-04-09,
CB0000164,T00013877,fraud,12239.33,2026-06-29,2026-08-15
CB0000165,T00014169,fraud,1369.23,2026-06-13,2026-07-19
CB0000166,T00014359,service_not_received,18.78,2026-05-09,2026-06-19
CB0000167,T00014370,fraud,20.3,2026-04-14,2026-05-08
CB0000168,T00014403,fraud,45.0,2026-07-01,
CB0000169,T00014428,duplicate,10.59,2026-05-18,2026-06-02
CB0000170,T00014645,fraud,1925.88,2026-03-11,2026-04-16
CB0000171,T00014758,fraud,35.92,2026-06-06,
CB0000172,T00014975,service_not_received,1727.34,2026-04-30,2026-06-25
CB0000173,T00015096,fraud,2493.78,2026-05-25,2026-06-17
CB0000174,T00015114,service_not_received,3911.22,2026-04-05,2026-05-10
CB0000175,T00015138,fraud,53.54,2026-02-16,2026-03-11
CB0000176,T00015226,fraud,981.36,2026-05-28,
CB0000177,T00015302,service_not_received,30.49,2026-05-31,2026-06-10
CB0000178,T00015516,duplicate,16.56,2026-08-05,2026-09-25
CB0000179,T00015532,customer_dispute,1108.68,2026-07-04,2026-08-21
CB0000180,T00015534,fraud,1638.12,2026-02-22,2026-04-09
CB0000181,T00015579,service_not_received,1067.03,2026-05-27,2026-07-04
CB0000182,T00015639,customer_dispute,1594.8,2026-05-11,
CB0000183,T00015640,service_not_received,25.52,2026-07-30,
CB0000184,T00015666,fraud,1479.1,2026-07-01,
CB0000185,T00015689,fraud,18.61,2026-05-05,2026-06-05
CB0000186,T00015704,customer_dispute,4847.35,2026-02-19,2026-03-13
CB0000187,T00015777,customer_dispute,16.06,2026-08-10,2026-08-20
CB0000188,T00016207,customer_dispute,579.94,2026-04-11,
CB0000189,T00016215,customer_dispute,1275.0,2026-05-21,2026-07-15
CB0000190,T00016244,service_not_received,3015.34,2026-07-29,
CB0000191,T00016393,customer_dispute,19.7,2026-05-19,2026-07-06
CB0000192,T00016424,duplicate,21.99,2026-06-12,
CB0000193,T00016436,customer_dispute,940.3,2026-06-15,
CB0000194,T00016470,service_not_received,3735.15,2026-07-02,2026-07-31
CB0000195,T00016478,fraud,43.46,2026-03-24,
CB0000196,T00016578,service_not_received,29.87,2026-05-29,2026-06-09
CB0000197,T00016635,customer_dispute,28.13,2026-07-21,2026-09-03
CB0000198,T00016814,customer_dispute,709.59,2026-06-09,2026-06-23
CB0000199,T00016827,fraud,20.57,2026-05-19,2026-07-03
CB0000200,T00016911,duplicate,4683.55,2026-06-15,
CB0000201,T00016979,customer_dispute,44.53,2026-04-29,2026-05-26
CB0000202,T00017047,fraud,750.55,2026-06-27,2026-08-17
CB0000203,T00017302,customer_dispute,39.55,2026-06-12,2026-07-12
CB0000204,T00017343,fraud,59.34,2026-05-06,2026-06-23
CB0000205,T00017525,fraud,1212.81,2026-06-12,2026-07-07
CB0000206,T00017634,customer_dispute,1609.7,2026-03-07,2026-04-09
CB0000207,T00017665,service_not_received,32.43,2026-05-30,2026-06-14
CB0000208,T00017684,service_not_received,7.94,2026-06-14,2026-07-03
CB0000209,T00017703,duplicate,14.28,2026-02-21,2026-03-10
CB0000210,T00017731,service_not_received,1520.85,2026-04-25,2026-05-20
CB0000211,T00017937,fraud,807.14,2026-06-24,2026-08-01
CB0000212,T00017982,fraud,1284.91,2026-07-07,2026-08-04
CB0000213,T00018008,fraud,92.68,2026-05-14,
CB0000214,T00018046,fraud,128.76,2026-04-18,2026-05-28
CB0000215,T00018238,service_not_received,25.53,2026-06-02,2026-06-24
CB0000216,T00018243,customer_dispute,9726.77,2026-07-05,
CB0000217,T00018258,duplicate,945.93,2026-05-08,
CB0000218,T00018281,customer_dispute,27.26,2026-06-06,2026-07-15
CB0000219,T00018293,fraud,421.41,2026-03-29,2026-04-14
CB0000220,T00018299,customer_dispute,1239.6,2026-08-07,2026-10-04
CB0000221,T00018406,service_not_received,27.9,2026-07-23,2026-08-17
CB0000222,T00018469,duplicate,54.7,2026-04-30,
CB0000223,T00018739,fraud,31.35,2026-07-06,2026-07-16
CB0000224,T00018740,fraud,3098.1,2026-05-25,2026-06-25
CB0000225,T00018819,customer_dispute,2008.04,2026-06-04,
CB0000226,T00018824,fraud,137.42,2026-05-13,2026-05-26
CB0000227,T00018884,fraud,58.62,2026-05-16,2026-07-04
CB0000228,T00018911,fraud,4568.61,2026-03-20,2026-04-16
CB0000229,T00018990,fraud,9.02,2026-05-21,2026-07-02
CB0000230,T00019035,fraud,22.34,2026-03-16,2026-04-07
CB0000231,T00019136,customer_dispute,23.61,2026-05-31,
CB0000232,T00019282,customer_dispute,2093.39,2026-06-01,2026-07-06
CB0000233,T00019365,customer_dispute,649.48,2026-08-02,
CB0000234,T00019483,fraud,621.61,2026-06-24,2026-08-17
CB0000235,T00019770,fraud,26.26,2026-06-09,2026-07-17
CB0000236,T00019784,service_not_received,2745.95,2026-05-18,
CB0000237,T00019828,fraud,38.7,2026-05-06,2026-06-10
CB0000238,T00019882,customer_dispute,104.13,2026-06-19,2026-08-07
CB0000239,T00019897,fraud,1590.74,2026-05-31,
CB0000240,T00019921,customer_dispute,32.63,2026-05-24,
CB0000241,T00019994,fraud,20.69,2026-04-01,2026-05-10
CB0000242,T00020018,fraud,68.06,2026-04-21,2026-06-07
CB0000243,T00020029,duplicate,41.72,2026-04-13,2026-05-07
CB0000244,T00020240,service_not_received,1907.05,2026-07-21,2026-09-08
CB0000245,T00020344,customer_dispute,1983.49,2026-03-02,
CB0000246,T00020459,fraud,689.0,2026-06-28,2026-07-21
CB0000247,T00020483,customer_dispute,51.25,2026-07-25,2026-09-01
CB0000248,T00020625,fraud,10041.67,2026-05-17,2026-07-03
CB0000249,T00020717,fraud,7554.38,2026-04-07,2026-06-02
CB0000250,T00020730,service_not_received,8.55,2026-06-29,
CB0000251,T00020790,fraud,1526.61,2026-05-16,2026-07-06
CB0000252,T00020905,service_not_received,367.15,2026-05-06,2026-06-15
CB0000253,T00020960,fraud,2651.52,2026-03-05,2026-05-02
CB0000254,T00020976,fraud,1032.63,2026-03-15,2026-05-11
CB0000255,T00021273,service_not_received,18.25,2026-02-07,
CB0000256,T00021385,fraud,1290.92,2026-03-02,2026-03-14
CB0000257,T00021404,service_not_received,2344.12,2026-06-06,
CB0000258,T00021474,service_not_received,32.9,2026-02-23,2026-04-20
CB0000259,T00021493,customer_dispute,976.85,2026-06-16,
CB0000260,T00021613,service_not_received,856.39,2026-06-23,2026-07-21
CB0000261,T00021624,duplicate,762.7,2026-06-19,2026-08-13
CB0000262,T00021632,customer_dispute,3682.2,2026-05-30,
CB0000263,T00021750,customer_dispute,1069.73,2026-06-09,
CB0000264,T00021782,fraud,1194.99,2026-06-11,2026-08-08
CB0000265,T00021789,fraud,61.96,2026-06-27,
CB0000266,T00021844,service_not_received,3061.23,2026-06-22,
CB0000267,T00021863,service_not_received,2098.25,2026-06-25,
CB0000268,T00021893,service_not_received,16.92,2026-05-30,2026-06-12
CB0000269,T00021922,fraud,5470.32,2026-08-02,2026-08-21
CB0000270,T00021997,duplicate,162.47,2026-05-30,2026-07-06
CB0000271,T00022057,service_not_received,87.63,2026-05-01,2026-05-27
CB0000272,T00022120,fraud,237.45,2026-04-19,2026-05-11
CB0000273,T00022444,service_not_received,2038.58,2026-06-29,2026-08-09
CB0000274,T00022528,fraud,24.93,2026-06-22,2026-08-13
CB0000275,T00022532,customer_dispute,1807.15,2026-03-26,2026-05-24
CB0000276,T00022536,customer_dispute,12602.7,2026-05-06,2026-06-29
CB0000277,T00022555,customer_dispute,2286.56,2026-06-06,2026-08-02
CB0000278,T00022882,duplicate,467.72,2026-07-06,2026-08-21
CB0000279,T00023231,customer_dispute,27.03,2026-02-23,2026-03-10
CB0000280,T00023319,service_not_received,9818.52,2026-02-21,2026-04-04
CB0000281,T00023377,customer_dispute,8.52,2026-06-30,2026-08-28
CB0000282,T00023392,fraud,253.47,2026-01-25,
CB0000283,T00023576,fraud,63.83,2026-05-05,2026-06-01
CB0000284,T00023757,service_not_received,1707.01,2026-08-04,2026-08-14
CB0000285,T00023861,customer_dispute,494.48,2026-07-15,2026-09-04
CB0000286,T00023922,customer_dispute,39.32,2026-07-28,2026-09-11
CB0000287,T00024007,duplicate,788.88,2026-07-01,2026-08-12
CB0000288,T00024018,duplicate,9.05,2026-05-11,2026-07-04
CB0000289,T00024021,service_not_received,785.94,2026-07-07,2026-08-26
CB0000290,T00024057,duplicate,2973.31,2026-07-07,2026-07-19
CB0000291,T00024138,fraud,14.57,2026-04-10,2026-05-01
CB0000292,T00024139,duplicate,2615.01,2026-06-30,2026-07-22
CB0000293,T00024576,fraud,2037.56,2026-05-25,2026-07-16
CB0000294,T00024704,customer_dispute,84.98,2026-03-24,2026-04-05
CB0000295,T00024726,service_not_received,974.64,2026-07-31,2026-09-20
CB0000296,T00024806,fraud,36.75,2026-08-03,
CB0000297,T00024912,customer_dispute,2184.85,2026-07-10,
CB0000298,T00024951,fraud,3766.36,2026-03-24,2026-05-22
CB0000299,T00024980,customer_dispute,2813.27,2026-05-04,
CB0000300,T00024983,duplicate,65.26,2026-06-16,2026-07-28
CB0000301,T00025017,duplicate,3564.38,2026-05-23,
CB0000302,T00025047,customer_dispute,211.47,2026-05-12,2026-06-06
CB0000303,T00025186,fraud,539.96,2026-04-06,2026-04-21
CB0000304,T00025251,duplicate,1426.0,2026-04-13,
CB0000305,T00025309,service_not_received,5.42,2026-06-17,
CB0000306,T00025322,customer_dispute,1458.4,2026-05-07,
CB0000307,T00025333,service_not_received,3592.32,2026-05-09,2026-06-09
CB0000308,T00025471,service_not_received,66.49,2026-04-28,2026-06-06
CB0000309,T00025683,fraud,6977.7,2026-07-05,2026-08-22
CB0000310,T00025705,fraud,5.59,2026-03-14,
CB0000311,T00025734,customer_dispute,1079.58,2026-07-31,2026-08-24
CB0000312,T00025867,fraud,768.14,2026-07-05,2026-08-22
CB0000313,T00025930,fraud,4197.05,2026-05-25,
CB0000314,T00025935,fraud,833.11,2026-04-09,2026-05-15
CB0000315,T00026029,service_not_received,41.76,2026-06-13,2026-07-20
CB0000316,T00026044,fraud,3172.28,2026-04-25,2026-05-11
CB0000317,T00026146,service_not_received,2355.15,2026-05-05,2026-05-26
CB0000318,T00026184,fraud,30.81,2026-04-09,
CB0000319,T00026193,customer_dispute,56.0,2026-06-25,2026-08-04
CB0000320,T00026201,customer_dispute,5495.08,2026-06-28,
CB0000321,T00026202,customer_dispute,1612.86,2026-06-19,2026-08-02
CB0000322,T00026215,service_not_received,22.77,2026-02-28,2026-03-17
CB0000323,T00026330,service_not_received,565.32,2026-05-25,
CB0000324,T00026424,fraud,158.14,2026-06-18,2026-07-20
CB0000325,T00026536,customer_dispute,33.57,2026-06-11,
CB0000326,T00026653,fraud,440.27,2026-05-07,2026-05-22
CB0000327,T00026755,service_not_received,4744.33,2026-07-14,2026-08-12
CB0000328,T00026853,duplicate,942.23,2026-04-11,
CB0000329,T00026877,duplicate,22.46,2026-05-16,2026-05-29
CB0000330,T00027034,fraud,3531.41,2026-03-19,2026-05-05
CB0000331,T00027054,fraud,39.86,2026-05-28,2026-07-14
CB0000332,T00027094,fraud,24.43,2026-06-07,2026-07-16
CB0000333,T00027547,service_not_received,1274.53,2026-02-22,
CB0000334,T00027579,service_not_received,38.63,2026-06-22,
CB0000335,T00027705,fraud,12.33,2026-04-17,2026-05-16
CB0000336,T00027758,service_not_received,15.35,2026-07-01,2026-08-10
CB0000337,T00027811,duplicate,3773.57,2026-07-07,2026-08-09
CB0000338,T00027813,customer_dispute,76.48,2026-03-14,2026-04-18
CB0000339,T00027891,service_not_received,82.08,2026-01-27,2026-03-07
CB0000340,T00027896,service_not_received,27.72,2026-01-18,2026-02-08
CB0000341,T00027954,service_not_received,3494.71,2026-05-26,2026-07-20
CB0000342,T00028001,fraud,13.53,2026-05-30,2026-07-22
CB0000343,T00028060,fraud,171.45,2026-07-08,2026-08-17
CB0000344,T00028081,customer_dispute,483.15,2026-05-22,2026-07-08
CB0000345,T00028359,duplicate,160.09,2026-07-22,2026-09-10
CB0000346,T00028448,duplicate,1849.12,2026-06-26,2026-07-30
CB0000347,T00028524,customer_dispute,56.82,2026-06-01,2026-06-16
CB0000348,T00028530,customer_dispute,893.6,2026-02-13,2026-03-06
CB0000349,T00028575,fraud,8.69,2026-04-22,2026-05-30
CB0000350,T00028584,customer_dispute,3941.17,2026-07-03,2026-08-03
CB0000351,T00028713,fraud,28.91,2026-03-03,
CB0000352,T00028780,fraud,9.36,2026-06-14,2026-07-17
CB0000353,T00028848,fraud,2179.67,2026-06-16,2026-07-24
CB0000354,T00028877,fraud,1499.38,2026-06-19,2026-08-06
CB0000355,T00028997,fraud,2039.8,2026-06-24,
CB0000356,T00029006,fraud,1863.82,2026-02-28,2026-04-21
CB0000357,T00029152,customer_dispute,1207.27,2026-05-27,2026-07-15
CB0000358,T00029315,service_not_received,12.07,2026-04-24,2026-05-06
CB0000359,T00029440,service_not_received,20.7,2026-05-09,
CB0000360,T00029730,duplicate,321.51,2026-04-27,2026-06-20
CB0000361,T00029771,fraud,830.84,2026-07-26,
CB0000362,T00029781,customer_dispute,69.49,2026-06-02,
CB0000363,T00029841,fraud,265.05,2026-05-29,2026-07-20
CB0000364,T00029930,customer_dispute,8.17,2026-01-24,2026-03-22
CB0000365,T00029960,service_not_received,1501.49,2026-06-20,2026-08-05
CB0000366,T00030172,fraud,484.91,2026-02-01,2026-03-23
CB0000367,T00030200,service_not_received,611.5,2026-05-15,2026-06-15
CB0000368,T00030206,customer_dispute,1651.74,2026-05-29,2026-07-08
CB0000369,T00030209,service_not_received,519.94,2026-03-19,2026-04-02
CB0000370,T00030229,service_not_received,51.07,2026-06-29,2026-07-27
CB0000371,T00030357,service_not_received,15.02,2026-06-24,
CB0000372,T00030443,fraud,37.22,2026-06-05,2026-07-27
CB0000373,T00030459,service_not_received,26.92,2026-05-21,2026-07-08
CB0000374,T00030743,duplicate,30.78,2026-04-24,2026-06-04
CB0000375,T00030772,customer_dispute,1119.16,2026-04-28,2026-06-11
CB0000376,T00030832,customer_dispute,5.82,2026-07-01,
CB0000377,T00030945,service_not_received,36.88,2026-06-29,2026-07-24
CB0000378,T00030963,fraud,1595.73,2026-02-12,2026-02-28
CB0000379,T00031060,fraud,2879.2,2026-02-16,2026-03-12
CB0000380,T00031185,fraud,75.16,2026-03-25,2026-05-12
CB0000381,T00031266,fraud,1736.94,2026-05-05,2026-06-05
CB0000382,T00031343,customer_dispute,864.12,2026-08-05,
CB0000383,T00031383,fraud,41.46,2026-03-10,
CB0000384,T00031387,customer_dispute,48.28,2026-05-21,2026-07-12
CB0000385,T00031467,duplicate,1005.39,2026-03-04,2026-04-04
CB0000386,T00031531,fraud,285.28,2026-04-10,
CB0000387,T00031822,fraud,456.0,2026-03-03,2026-04-20
CB0000388,T00031874,fraud,1550.92,2026-07-06,2026-07-26
CB0000389,T00032295,customer_dispute,1610.84,2026-04-27,2026-05-23
CB0000390,T00032346,fraud,2735.52,2026-03-11,
CB0000391,T00032373,customer_dispute,1089.95,2026-04-22,2026-06-17
CB0000392,T00032385,fraud,797.43,2026-05-12,2026-05-24
CB0000393,T00032422,customer_dispute,2121.91,2026-06-16,2026-07-05
CB0000394,T00032486,customer_dispute,1427.79,2026-06-30,2026-07-29
CB0000395,T00032539,fraud,14.71,2026-08-02,2026-09-06
CB0000396,T00032566,service_not_received,481.28,2026-04-28,2026-06-13
CB0000397,T00032623,customer_dispute,4530.62,2026-01-13,
CB0000398,T00032716,service_not_received,10450.52,2026-02-12,2026-04-01
CB0000399,T00032872,fraud,332.5,2026-03-11,2026-04-17
CB0000400,T00032956,fraud,1242.54,2026-04-16,2026-06-08
CB0000401,T00032969,duplicate,111.2,2026-07-14,2026-08-08
CB0000402,T00032976,duplicate,921.22,2026-07-20,
CB0000403,T00033013,fraud,519.92,2026-02-27,2026-04-18
CB0000404,T00033361,customer_dispute,8370.51,2026-04-21,2026-05-07
CB0000405,T00033439,fraud,92.82,2026-05-14,
CB0000406,T00033478,fraud,57.07,2026-06-10,2026-08-05
CB0000407,T00033545,customer_dispute,13871.48,2026-06-02,
CB0000408,T00033560,duplicate,49.63,2026-06-27,2026-08-15
CB0000409,T00033566,fraud,1119.74,2026-06-10,
CB0000410,T00033670,duplicate,11.73,2026-06-27,2026-08-06
CB0000411,T00033776,customer_dispute,939.95,2026-02-01,
CB0000412,T00033857,customer_dispute,2317.86,2026-05-17,2026-07-15
CB0000413,T00033865,duplicate,32.91,2026-05-03,
CB0000414,T00033870,customer_dispute,4176.38,2026-04-03,2026-04-25
CB0000415,T00033873,customer_dispute,2342.3,2026-05-17,
CB0000416,T00034126,duplicate,1054.85,2026-04-10,
CB0000417,T00034209,service_not_received,515.37,2026-05-03,2026-05-22
CB0000418,T00034270,customer_dispute,48.09,2026-02-17,2026-03-12
CB0000419,T00034429,fraud,14.41,2026-04-26,2026-05-27
CB0000420,T00034607,service_not_received,1167.0,2026-06-30,
CB0000421,T00034662,customer_dispute,4611.39,2026-07-11,2026-07-22
CB0000422,T00034835,fraud,1208.98,2026-05-10,2026-05-25
CB0000423,T00034840,fraud,1509.12,2026-04-25,2026-05-09
CB0000424,T00034854,service_not_received,616.89,2026-03-06,2026-04-24
CB0000425,T00035092,fraud,1026.3,2026-05-04,2026-06-20
CB0000426,T00035138,duplicate,35.58,2026-01-27,
CB0000427,T00035249,duplicate,2699.27,2026-06-30,2026-08-16
CB0000428,T00035312,duplicate,11.89,2026-06-26,2026-07-15
CB0000429,T00035330,customer_dispute,79.0,2026-04-06,
CB0000430,T00035345,service_not_received,5.25,2026-06-05,
CB0000431,T00035413,fraud,86.09,2026-05-05,2026-05-20
CB0000432,T00035451,fraud,2240.08,2026-08-06,2026-09-30
CB0000433,T00035462,duplicate,132.64,2026-07-09,2026-07-21
CB0000434,T00035574,service_not_received,2909.21,2026-05-28,
CB0000435,T00035687,fraud,35.75,2026-08-02,
CB0000436,T00035744,fraud,512.62,2026-06-01,
CB0000437,T00035778,fraud,713.59,2026-06-17,
CB0000438,T00035944,service_not_received,1083.63,2026-07-25,2026-08-09
CB0000439,T00036027,service_not_received,6213.87,2026-05-07,2026-06-05
CB0000440,T00036042,duplicate,71.87,2026-04-20,
CB0000441,T00036127,fraud,604.53,2026-07-31,
CB0000442,T00036195,customer_dispute,1142.38,2026-07-13,2026-08-08
CB0000443,T00036254,customer_dispute,7557.33,2026-07-13,2026-08-22
CB0000444,T00036330,fraud,25.95,2026-07-13,2026-08-30
CB0000445,T00036372,customer_dispute,73.03,2026-04-07,
CB0000446,T00036382,service_not_received,44.43,2026-07-10,
CB0000447,T00036393,service_not_received,53.1,2026-06-09,2026-06-25
CB0000448,T00036455,service_not_received,78.62,2026-02-22,
CB0000449,T00036581,service_not_received,3786.32,2026-03-27,
CB0000450,T00036719,service_not_received,18.84,2026-05-01,
CB0000451,T00036748,service_not_received,3246.66,2026-06-03,
CB0000452,T00036766,duplicate,2307.37,2026-07-16,2026-09-10
CB0000453,T00036889,fraud,63.85,2026-07-23,2026-08-02
CB0000454,T00036943,service_not_received,72.32,2026-05-07,
CB0000455,T00037108,service_not_received,1356.35,2026-05-11,
CB0000456,T00037168,fraud,2073.48,2026-05-21,2026-07-05
CB0000457,T00037178,fraud,68.62,2026-06-09,
CB0000458,T00037297,service_not_received,3407.62,2026-06-05,2026-07-28
CB0000459,T00037307,service_not_received,6040.2,2026-06-21,
CB0000460,T00037479,customer_dispute,84.33,2026-08-04,
CB0000461,T00037533,customer_dispute,26.54,2026-03-17,2026-03-27
CB0000462,T00037542,duplicate,23.21,2026-07-05,2026-08-26
CB0000463,T00037635,service_not_received,4606.06,2026-05-22,2026-07-02
CB0000464,T00037705,duplicate,1235.71,2026-05-06,
CB0000465,T00037707,fraud,42.03,2026-06-07,2026-07-19
CB0000466,T00037747,customer_dispute,767.38,2026-06-11,2026-07-04
CB0000467,T00037879,customer_dispute,20.6,2026-06-07,2026-07-13
CB0000468,T00038010,customer_dispute,2633.82,2026-05-08,2026-06-01
CB0000469,T00038026,fraud,32.55,2026-06-02,
CB0000470,T00038105,service_not_received,9.48,2026-05-02,2026-06-17
CB0000471,T00038186,customer_dispute,4226.23,2026-03-07,2026-05-01
CB0000472,T00038198,fraud,958.31,2026-05-04,2026-06-19
CB0000473,T00038224,customer_dispute,83.55,2026-06-02,2026-06-12
CB0000474,T00038240,fraud,35.73,2026-07-24,2026-08-15
CB0000475,T00038345,customer_dispute,14.54,2026-07-10,2026-08-31
CB0000476,T00038367,service_not_received,818.71,2026-03-05,2026-04-25
CB0000477,T00038382,customer_dispute,71.42,2026-04-12,2026-05-07
CB0000478,T00038493,service_not_received,6537.78,2026-07-09,2026-08-03
CB0000479,T00038554,fraud,31.81,2026-05-26,2026-07-24
CB0000480,T00038631,customer_dispute,1307.15,2026-06-01,2026-07-07
CB0000481,T00038642,fraud,38.27,2026-07-17,2026-08-31
CB0000482,T00038704,fraud,2021.56,2026-04-03,
CB0000483,T00038800,service_not_received,964.45,2026-05-25,2026-06-07
CB0000484,T00038839,fraud,29.22,2026-04-17,2026-06-11
CB0000485,T00038860,customer_dispute,19.73,2026-03-04,2026-04-04
CB0000486,T00038862,duplicate,45.27,2026-02-25,2026-03-27
CB0000487,T00039246,service_not_received,13.98,2026-06-01,
CB0000488,T00039284,service_not_received,117.5,2026-04-29,2026-05-27
CB0000489,T00039321,fraud,38.36,2026-06-16,2026-07-17
CB0000490,T00039323,fraud,66.97,2026-06-23,2026-07-22
CB0000491,T00039613,customer_dispute,77.99,2026-04-19,2026-06-03
CB0000492,T00039648,customer_dispute,37.46,2026-08-09,
CB0000493,T00039790,service_not_received,29.17,2026-06-03,
CB0000494,T00039800,service_not_received,75.59,2026-05-02,
CB0000495,T00039804,fraud,28.44,2026-06-12,
CB0000496,T00039808,fraud,122.48,2026-05-12,2026-06-26
CB0000497,T00039853,service_not_received,5.24,2026-04-25,2026-05-19
CB0000498,T00039880,fraud,94.21,2026-04-17,2026-05-08
CB0000499,T00040136,service_not_received,38.5,2026-05-27,2026-06-26
CB0000500,T00040227,fraud,37.31,2026-06-13,2026-07-06
CB0000501,T00040254,service_not_received,3555.87,2026-03-12,2026-03-30
CB0000502,T00040264,fraud,3381.29,2026-05-15,2026-05-28
CB0000503,T00040385,service_not_received,24.51,2026-05-24,2026-07-16
CB0000504,T00040427,fraud,19.03,2026-06-10,2026-06-29
CB0000505,T00040492,duplicate,34.31,2026-04-27,2026-05-31
CB0000506,T00040544,customer_dispute,899.48,2026-07-11,2026-08-31
CB0000507,T00040581,service_not_received,1790.26,2026-06-09,
CB0000508,T00040839,customer_dispute,19.44,2026-07-20,2026-08-25
CB0000509,T00040873,customer_dispute,855.05,2026-04-22,2026-06-16
CB0000510,T00040920,customer_dispute,1996.87,2026-06-13,2026-07-30
CB0000511,T00040950,fraud,53.83,2026-05-25,
CB0000512,T00040973,fraud,1836.72,2026-07-09,
CB0000513,T00040999,service_not_received,112.65,2026-05-02,2026-05-12
CB0000514,T00041145,customer_dispute,7493.65,2026-07-19,2026-08-05
CB0000515,T00041365,service_not_received,998.41,2026-03-27,2026-05-18
CB0000516,T00041501,duplicate,36.52,2026-06-01,2026-06-13
CB0000517,T00041555,service_not_received,1871.09,2026-04-20,2026-05-14
CB0000518,T00041634,service_not_received,2809.57,2026-07-09,2026-08-21
CB0000519,T00041680,fraud,2166.58,2026-06-08,2026-07-03
CB0000520,T00041789,fraud,73.3,2026-02-14,
CB0000521,T00042012,duplicate,2310.67,2026-06-22,
CB0000522,T00042117,fraud,78.53,2026-06-26,2026-07-07
CB0000523,T00042145,service_not_received,2342.42,2026-04-03,2026-04-15
CB0000524,T00042211,fraud,28.78,2026-02-03,
CB0000525,T00042390,service_not_received,3686.4,2026-06-28,2026-07-13
CB0000526,T00042392,fraud,10.25,2026-07-01,2026-08-02
CB0000527,T00042626,fraud,1830.46,2026-05-11,2026-05-30
CB0000528,T00042655,fraud,1133.7,2026-03-11,2026-04-06
CB0000529,T00042845,fraud,41.25,2026-05-10,2026-05-23
CB0000530,T00042846,service_not_received,26.28,2026-05-24,
CB0000531,T00042858,customer_dispute,1620.62,2026-04-25,2026-06-08
CB0000532,T00042861,duplicate,2894.01,2026-04-18,2026-05-08
CB0000533,T00042967,fraud,922.44,2026-02-01,2026-03-01
CB0000534,T00042989,fraud,1118.58,2026-05-13,2026-06-22
CB0000535,T00043042,customer_dispute,162.17,2026-04-05,2026-05-19
CB0000536,T00043080,fraud,1270.29,2026-02-06,2026-03-05
CB0000537,T00043116,customer_dispute,2207.77,2026-06-15,2026-07-20
CB0000538,T00043386,fraud,23.68,2026-07-11,2026-08-29
CB0000539,T00043459,fraud,136.94,2026-04-26,
CB0000540,T00043482,customer_dispute,69.69,2026-07-02,2026-08-17
CB0000541,T00043500,customer_dispute,328.53,2026-02-16,
CB0000542,T00043571,duplicate,33.17,2026-07-22,
CB0000543,T00043652,duplicate,1748.24,2026-07-02,2026-08-27
CB0000544,T00043821,service_not_received,6090.82,2026-05-28,2026-06-13
CB0000545,T00043962,service_not_received,15.24,2026-06-07,2026-06-27
CB0000546,T00044139,customer_dispute,3542.8,2026-03-23,
CB0000547,T00044198,fraud,52.55,2026-05-30,2026-07-17
CB0000548,T00044267,fraud,46.26,2026-03-08,2026-04-06
CB0000549,T00044395,service_not_received,2093.18,2026-05-30,2026-06-13
CB0000550,T00044452,customer_dispute,480.43,2026-05-31,2026-07-18
CB0000551,T00044460,customer_dispute,1257.72,2026-02-28,2026-04-12
CB0000552,T00044699,duplicate,186.75,2026-02-12,2026-03-18
CB0000553,T00044722,fraud,782.6,2026-07-05,
CB0000554,T00044765,fraud,1449.15,2026-05-02,
CB0000555,T00044892,service_not_received,709.3,2026-06-27,2026-07-08
CB0000556,T00044968,fraud,2636.69,2026-05-18,2026-06-29
CB0000557,T00045118,service_not_received,741.93,2026-05-20,2026-06-26
CB0000558,T00045170,service_not_received,5.14,2026-07-08,2026-09-05
CB0000559,T00045185,duplicate,59.26,2026-05-15,
CB0000560,T00045203,service_not_received,2122.18,2026-06-07,
CB0000561,T00045222,duplicate,1998.04,2026-02-19,2026-04-15
CB0000562,T00045474,service_not_received,2008.04,2026-06-16,
CB0000563,T00045488,customer_dispute,1336.8,2026-02-24,
CB0000564,T00045546,fraud,779.54,2026-05-24,2026-07-07
CB0000565,T00045596,customer_dispute,407.15,2026-07-08,2026-08-21
CB0000566,T00045634,fraud,12.51,2026-07-23,2026-08-08
CB0000567,T00045878,service_not_received,741.93,2026-03-02,
CB0000568,T00045938,fraud,48.79,2026-07-20,
CB0000569,T00046405,customer_dispute,97.84,2026-07-04,2026-07-26
CB0000570,T00046458,customer_dispute,34.05,2026-05-19,2026-07-02
CB0000571,T00046539,fraud,1197.66,2026-04-20,2026-05-28
CB0000572,T00046542,service_not_received,10.4,2026-06-16,2026-08-04
CB0000573,T00046734,duplicate,1939.97,2026-04-27,2026-06-05
CB0000574,T00046914,fraud,2075.9,2026-06-21,2026-07-14
CB0000575,T00046934,service_not_received,35.51,2026-07-19,2026-07-30
CB0000576,T00047190,service_not_received,132.53,2026-05-16,
CB0000577,T00047245,duplicate,888.65,2026-06-02,
CB0000578,T00047254,service_not_received,2313.66,2026-02-27,
CB0000579,T00047280,service_not_received,918.51,2026-05-22,
CB0000580,T00047322,fraud,21.66,2026-06-22,2026-08-16
CB0000581,T00047398,fraud,13.9,2026-03-11,
CB0000582,T00047435,fraud,22.8,2026-07-26,
CB0000583,T00047439,duplicate,93.21,2026-03-30,2026-05-08
CB0000584,T00047500,fraud,19.81,2026-04-24,
CB0000585,T00047548,duplicate,71.62,2026-06-04,
CB0000586,T00047857,fraud,55.81,2026-04-26,2026-06-17
CB0000587,T00047967,service_not_received,1108.16,2026-05-11,2026-06-29
CB0000588,T00048045,fraud,6693.44,2026-02-16,2026-03-03
CB0000589,T00048050,fraud,1187.54,2026-05-16,2026-06-13
CB0000590,T00048219,service_not_received,2381.18,2026-02-02,
CB0000591,T00048267,fraud,7292.79,2026-04-12,2026-05-26
CB0000592,T00048365,service_not_received,19.1,2026-08-05,
CB0000593,T00048376,fraud,15.49,2026-07-31,2026-08-26
CB0000594,T00048383,customer_dispute,124.75,2026-05-30,
CB0000595,T00048420,service_not_received,402.66,2026-05-18,
CB0000596,T00048447,duplicate,91.76,2026-07-15,2026-07-31
CB0000597,T00048457,service_not_received,12.55,2026-06-08,2026-07-14
CB0000598,T00048461,customer_dispute,74.65,2026-03-11,2026-03-30
CB0000599,T00048548,fraud,3188.21,2026-03-21,2026-04-03
CB0000600,T00048563,fraud,579.53,2026-06-27,2026-08-12
CB0000601,T00048609,fraud,1425.96,2026-04-05,2026-04-24
CB0000602,T00048640,fraud,1350.01,2026-06-02,
CB0000603,T00048668,service_not_received,7.42,2026-03-18,
CB0000604,T00048752,fraud,31.78,2026-03-04,
CB0000605,T00048773,service_not_received,158.69,2026-07-03,2026-07-15
CB0000606,T00048845,customer_dispute,35.44,2026-05-30,
CB0000607,T00048936,customer_dispute,1216.78,2026-04-21,2026-06-11
CB0000608,T00048939,fraud,806.12,2026-02-03,2026-03-01
CB0000609,T00049008,customer_dispute,15.72,2026-07-07,
CB0000610,T00049024,customer_dispute,1634.65,2026-06-20,2026-08-07
CB0000611,T00049173,customer_dispute,3815.32,2026-06-05,2026-06-30
CB0000612,T00049193,duplicate,1182.2,2026-07-01,2026-07-29
CB0000613,T00049226,customer_dispute,684.25,2026-05-14,2026-07-04
CB0000614,T00049230,service_not_received,9.96,2026-05-27,2026-06-19
CB0000615,T00049254,service_not_received,279.47,2026-02-25,
CB0000616,T00049257,service_not_received,46.18,2026-07-08,
CB0000617,T00049321,fraud,771.71,2026-05-18,2026-06-03
CB0000618,T00049403,service_not_received,684.88,2026-06-06,2026-06-20
CB0000619,T00049545,customer_dispute,44.11,2026-07-09,
CB0000620,T00049576,duplicate,750.98,2026-07-06,2026-07-29
CB0000621,T00049744,customer_dispute,4045.78,2026-05-19,
CB0000622,T00049817,fraud,747.89,2026-05-29,2026-07-04
CB0000623,T00049920,customer_dispute,5189.52,2026-04-11,2026-04-22
CB0000624,T00049938,fraud,2036.09,2026-04-24,2026-06-11
CB0000625,T00049982,customer_dispute,15.42,2026-06-30,
CB0000626,T00049985,service_not_received,30.6,2026-04-07,
CB0000627,T00050000,fraud,132.68,2026-04-30,2026-06-27
CB0000628,T00050038,customer_dispute,233.26,2026-06-08,2026-07-17
CB0000629,T00050042,fraud,86.49,2026-06-13,
CB0000630,T00050044,service_not_received,775.06,2026-07-18,2026-09-14
CB0000631,T00050207,service_not_received,35.49,2026-07-16,2026-08-21
CB0000632,T00050282,duplicate,843.77,2026-05-31,
CB0000633,T00050330,fraud,1123.74,2026-07-13,
CB0000634,T00050394,fraud,28.99,2026-03-10,2026-04-25
CB0000635,T00050397,fraud,26.69,2026-04-02,2026-04-28
CB0000636,T00050399,fraud,28.22,2026-03-28,2026-05-01
CB0000637,T00050531,fraud,953.82,2026-06-08,
CB0000638,T00050542,duplicate,242.73,2026-08-10,
CB0000639,T00050723,fraud,34.98,2026-06-26,
CB0000640,T00050943,fraud,2006.05,2026-04-21,2026-05-01
CB0000641,T00050946,service_not_received,98.66,2026-03-15,2026-05-07
CB0000642,T00050993,customer_dispute,2157.79,2026-06-09,2026-07-16
CB0000643,T00051034,fraud,112.56,2026-07-07,2026-08-17
CB0000644,T00051183,service_not_received,1662.65,2026-07-12,2026-09-01
CB0000645,T00051184,duplicate,26.1,2026-07-01,2026-07-21
CB0000646,T00051218,duplicate,11200.77,2026-07-23,2026-08-19
CB0000647,T00051219,service_not_received,1584.03,2026-02-13,
CB0000648,T00051258,customer_dispute,411.81,2026-02-03,2026-03-03
CB0000649,T00051338,service_not_received,1238.83,2026-05-31,2026-06-26
CB0000650,T00051519,customer_dispute,2408.99,2026-04-10,2026-06-07
CB0000651,T00051526,customer_dispute,1373.59,2026-05-10,2026-05-22
CB0000652,T00051743,service_not_received,10645.13,2026-04-18,2026-05-04
CB0000653,T00051937,duplicate,5548.37,2026-02-24,2026-04-06
CB0000654,T00052030,customer_dispute,673.84,2026-06-13,
CB0000655,T00052071,customer_dispute,180.77,2026-06-30,2026-08-01
CB0000656,T00052137,fraud,57.39,2026-06-22,2026-07-30
CB0000657,T00052145,fraud,4468.5,2026-05-04,2026-06-09
CB0000658,T00052152,customer_dispute,44.43,2026-05-01,2026-05-13
CB0000659,T00052172,fraud,1776.01,2026-07-14,
CB0000660,T00052205,service_not_received,21.86,2026-05-20,
CB0000661,T00052218,fraud,18.33,2026-02-22,2026-03-05
CB0000662,T00052233,duplicate,2907.66,2026-07-07,
CB0000663,T00052258,customer_dispute,731.19,2026-04-09,2026-05-09
CB0000664,T00052287,customer_dispute,1000.63,2026-05-26,2026-07-03
CB0000665,T00052305,customer_dispute,8.95,2026-07-04,2026-07-23
CB0000666,T00052330,fraud,2807.82,2026-02-27,2026-04-18
CB0000667,T00052437,fraud,1189.88,2026-03-26,2026-04-14
CB0000668,T00052487,fraud,5644.39,2026-04-25,
CB0000669,T00052629,service_not_received,3114.14,2026-02-20,2026-04-02
CB0000670,T00052644,fraud,3481.57,2026-06-28,2026-08-23
CB0000671,T00052692,customer_dispute,36.6,2026-01-29,2026-02-17
CB0000672,T00052726,customer_dispute,10.64,2026-03-13,
CB0000673,T00052880,fraud,16.31,2026-07-28,
CB0000674,T00052936,fraud,1407.95,2026-07-01,
CB0000675,T00053090,service_not_received,15.18,2026-03-02,2026-04-18
CB0000676,T00053160,fraud,106.19,2026-02-24,
CB0000677,T00053340,customer_dispute,1142.05,2026-01-18,2026-02-26
CB0000678,T00053368,customer_dispute,13.37,2026-07-03,
CB0000679,T00053693,fraud,3534.4,2026-03-31,2026-04-27
CB0000680,T00053791,fraud,25.33,2026-05-26,2026-06-22
CB0000681,T00053823,fraud,495.06,2026-05-08,2026-06-21
CB0000682,T00053980,customer_dispute,1336.47,2026-02-19,2026-04-08
CB0000683,T00054109,customer_dispute,77.7,2026-06-30,
CB0000684,T00054228,customer_dispute,82.38,2026-06-20,2026-07-10
CB0000685,T00054324,fraud,2911.88,2026-04-18,
CB0000686,T00054504,customer_dispute,4857.05,2026-06-30,2026-07-18
CB0000687,T00054624,customer_dispute,709.23,2026-07-03,
CB0000688,T00055104,service_not_received,20.76,2026-05-19,
CB0000689,T00055430,fraud,1789.71,2026-02-13,2026-02-23
CB0000690,T00055453,service_not_received,154.29,2026-07-10,2026-08-02
CB0000691,T00055751,service_not_received,111.45,2026-04-15,2026-05-16
CB0000692,T00055852,duplicate,2529.55,2026-03-25,
CB0000693,T00055898,customer_dispute,486.98,2026-06-23,2026-07-23
CB0000694,T00055903,customer_dispute,152.67,2026-03-15,2026-04-21
CB0000695,T00055963,fraud,720.94,2026-04-20,
CB0000696,T00056212,fraud,2190.58,2026-04-25,2026-06-13
CB0000697,T00056229,duplicate,183.42,2026-06-17,
CB0000698,T00056236,customer_dispute,881.03,2026-05-28,2026-07-24
CB0000699,T00056552,fraud,4927.7,2026-08-09,2026-09-20
CB0000700,T00056646,fraud,17442.66,2026-06-07,2026-07-06
CB0000701,T00056657,fraud,1602.29,2026-04-18,2026-05-30
CB0000702,T00056820,service_not_received,136.58,2026-07-16,
CB0000703,T00056962,duplicate,2052.31,2026-04-09,
CB0000704,T00056992,service_not_received,2879.46,2026-07-27,2026-08-23
CB0000705,T00057033,fraud,66.55,2026-07-28,2026-09-13
CB0000706,T00057165,duplicate,5499.87,2026-05-16,2026-07-08
CB0000707,T00057495,fraud,1357.98,2026-06-19,2026-08-12
CB0000708,T00057513,fraud,209.71,2026-04-29,2026-05-09
CB0000709,T00057671,duplicate,26.41,2026-06-09,
CB0000710,T00057797,customer_dispute,1487.35,2026-02-10,2026-03-13
CB0000711,T00057798,customer_dispute,304.28,2026-07-16,
CB0000712,T00057914,service_not_received,2717.89,2026-04-27,
CB0000713,T00057923,service_not_received,190.52,2026-04-02,2026-05-22
CB0000714,T00057972,fraud,590.26,2026-03-01,
CB0000715,T00057985,fraud,1373.2,2026-02-25,2026-03-14
CB0000716,T00058034,fraud,28.9,2026-02-09,
CB0000717,T00058068,fraud,37.98,2026-05-05,2026-05-25
CB0000718,T00058123,fraud,21.59,2026-04-15,2026-05-04
CB0000719,T00058239,customer_dispute,105.7,2026-06-05,2026-07-11
CB0000720,T00058392,fraud,2303.72,2026-06-15,
CB0000721,T00058449,duplicate,387.04,2026-03-27,2026-05-22
CB0000722,T00058519,fraud,7698.04,2026-06-18,2026-07-15
CB0000723,T00058715,fraud,2413.16,2026-05-13,2026-05-30
CB0000724,T00058719,service_not_received,1944.77,2026-03-12,2026-04-22
CB0000725,T00058738,service_not_received,31.14,2026-06-07,
CB0000726,T00058872,service_not_received,62.35,2026-07-10,2026-08-09
CB0000727,T00058947,fraud,44.72,2026-06-22,2026-07-11
CB0000728,T00059125,fraud,20.58,2026-03-05,
CB0000729,T00059179,fraud,18.45,2026-01-21,2026-03-14
CB0000730,T00059208,duplicate,883.34,2026-06-17,2026-07-21
CB0000731,T00059244,fraud,3.34,2026-05-13,2026-05-31
CB0000732,T00059258,service_not_received,115.61,2026-02-17,
CB0000733,T00059319,customer_dispute,1229.36,2026-06-12,2026-07-25
CB0000734,T00059375,service_not_received,3227.08,2026-04-28,2026-05-08
CB0000735,T00059441,fraud,3824.25,2026-05-18,2026-06-05
CB0000736,T00059596,fraud,916.14,2026-04-23,
CB0000737,T00059647,fraud,23.86,2026-06-15,2026-07-16
CB0000738,T00059785,fraud,27.12,2026-06-15,2026-06-28
CB0000739,T00059788,customer_dispute,33.91,2026-05-05,2026-06-29
CB0000740,T00059813,customer_dispute,261.45,2026-05-18,2026-05-30
CB0000741,T00059869,customer_dispute,6531.77,2026-03-07,2026-04-03
CB0000742,T00059883,fraud,1076.6,2026-06-01,
CB0000743,T00059985,service_not_received,0.0,2026-02-22,2026-03-29
CB0000744,T00060013,service_not_received,16.23,2026-06-30,2026-08-11
CB0000745,T00060119,customer_dispute,7.37,2026-07-10,
CB0000746,T00060253,fraud,684.79,2026-06-28,2026-07-14
CB0000747,T00060256,fraud,2212.86,2026-03-04,2026-04-18
CB0000748,T00060280,service_not_received,2411.02,2026-08-08,2026-09-11
CB0000749,T00060477,service_not_received,14.11,2026-06-17,
CB0000750,T00060623,fraud,11.13,2026-05-23,2026-07-04
CB0000751,T00060920,customer_dispute,48.72,2026-08-04,
CB0000752,T00061112,fraud,36.06,2026-07-25,2026-09-12
CB0000753,T00061133,fraud,125.01,2026-06-09,
CB0000754,T00061222,customer_dispute,2339.12,2026-04-23,2026-05-22
CB0000755,T00061236,service_not_received,5.86,2026-05-25,
CB0000756,T00061274,fraud,132.72,2026-04-25,2026-06-15
CB0000757,T00061343,service_not_received,25.34,2026-04-20,
CB0000758,T00061353,customer_dispute,25.77,2026-07-05,2026-08-15
CB0000759,T00061416,customer_dispute,487.98,2026-05-18,2026-06-30
CB0000760,T00061429,customer_dispute,969.3,2026-03-21,2026-05-03
CB0000761,T00061568,duplicate,6.2,2026-05-30,
CB0000762,T00061605,service_not_received,9486.91,2026-03-20,2026-04-05
CB0000763,T00061886,service_not_received,2241.99,2026-02-16,
CB0000764,T00061954,fraud,13.14,2026-06-27,2026-08-06
CB0000765,T00061965,service_not_received,2330.2,2026-03-23,2026-05-15
CB0000766,T00061971,duplicate,80.12,2026-04-22,2026-05-12
CB0000767,T00061980,fraud,1111.74,2026-03-21,
CB0000768,T00062050,fraud,1464.17,2026-07-07,
CB0000769,T00062149,duplicate,843.82,2026-03-23,2026-05-09
CB0000770,T00062175,service_not_received,28.23,2026-06-13,2026-07-28
CB0000771,T00062315,fraud,45.2,2026-06-18,2026-07-02
CB0000772,T00062549,fraud,3144.15,2026-04-06,2026-05-24
CB0000773,T00062554,customer_dispute,110.01,2026-04-30,
CB0000774,T00062592,customer_dispute,96.27,2026-06-21,2026-07-12
CB0000775,T00062704,fraud,9.56,2026-04-06,2026-04-19
CB0000776,T00062755,fraud,19.89,2026-06-14,2026-07-07
CB0000777,T00062907,duplicate,39.39,2026-06-07,
CB0000778,T00063060,fraud,2640.04,2026-07-02,2026-07-22
CB0000779,T00063176,fraud,1253.73,2026-07-01,2026-07-21
CB0000780,T00063186,fraud,1437.69,2026-05-06,2026-06-09
CB0000781,T00063261,service_not_received,25.11,2026-05-18,2026-06-26
CB0000782,T00063489,customer_dispute,71.48,2026-07-10,
CB0000783,T00063518,customer_dispute,3571.85,2026-07-11,2026-09-03
CB0000784,T00063684,fraud,5800.48,2026-02-23,2026-04-23
CB0000785,T00063700,duplicate,2964.3,2026-03-20,2026-04-18
CB0000786,T00063823,fraud,1465.34,2026-02-04,
CB0000787,T00064096,service_not_received,5023.9,2026-05-14,
CB0000788,T00064439,service_not_received,23.03,2026-07-18,
CB0000789,T00064471,duplicate,1613.25,2026-05-24,2026-06-03
CB0000790,T00064560,customer_dispute,2358.74,2026-05-25,2026-07-13
CB0000791,T00064681,fraud,2563.87,2026-06-08,2026-07-26
CB0000792,T00064715,service_not_received,30.66,2026-05-01,2026-06-06
CB0000793,T00064761,fraud,43.68,2026-05-08,
CB0000794,T00064854,duplicate,666.86,2026-05-13,2026-06-30
CB0000795,T00064880,fraud,5667.02,2026-07-03,2026-08-19
CB0000796,T00064947,customer_dispute,36.63,2026-05-02,2026-05-19
CB0000797,T00064960,service_not_received,1278.78,2026-05-19,2026-06-14
CB0000798,T00064992,fraud,320.52,2026-05-15,2026-05-26
CB0000799,T00065007,fraud,70.2,2026-06-06,
CB0000800,T00065191,service_not_received,1504.11,2026-06-17,2026-08-15
CB0000801,T00065232,fraud,16.53,2026-03-08,
CB0000802,T00065241,service_not_received,474.87,2026-02-18,
CB0000803,T00065295,service_not_received,87.48,2026-05-22,2026-07-16
CB0000804,T00065385,customer_dispute,54.86,2026-04-24,
CB0000805,T00065646,fraud,87.75,2026-03-31,2026-05-26
CB0000806,T00065668,service_not_received,28.57,2026-04-03,2026-04-13
CB0000807,T00065719,fraud,2389.29,2026-07-06,2026-07-29
CB0000808,T00065808,customer_dispute,1303.5,2026-08-09,
CB0000809,T00066000,duplicate,11.82,2026-07-30,2026-09-05
CB0000810,T00066060,fraud,10.76,2026-07-14,2026-08-26
CB0000811,T00066186,customer_dispute,62.04,2026-03-25,2026-05-01
CB0000812,T00066213,duplicate,34.53,2026-06-09,2026-07-06
CB0000813,T00066296,service_not_received,4216.17,2026-02-20,2026-03-27
CB0000814,T00066396,duplicate,3141.1,2026-06-01,2026-06-18
CB0000815,T00066415,customer_dispute,1282.13,2026-02-24,
CB0000816,T00066437,service_not_received,136.83,2026-06-01,
CB0000817,T00066448,duplicate,41.55,2026-07-19,2026-09-11
CB0000818,T00066472,service_not_received,30.16,2026-06-06,2026-08-04
CB0000819,T00066476,customer_dispute,784.44,2026-07-19,2026-08-21
CB0000820,T00066775,fraud,3478.7,2026-04-05,2026-04-16
CB0000821,T00066831,fraud,2072.47,2026-02-28,2026-04-21
CB0000822,T00066850,fraud,7.24,2026-07-14,2026-08-18
CB0000823,T00067073,service_not_received,8784.73,2026-06-04,
CB0000824,T00067120,duplicate,31.78,2026-05-22,2026-06-14
CB0000825,T00067172,fraud,3174.92,2026-07-15,
CB0000826,T00067175,fraud,1827.18,2026-04-28,
CB0000827,T00067211,fraud,57.29,2026-05-13,2026-07-05
CB0000828,T00067232,duplicate,1398.4,2026-06-20,2026-08-17
CB0000829,T00067266,duplicate,1485.77,2026-07-09,2026-09-03
CB0000830,T00067296,customer_dispute,31.95,2026-02-16,2026-04-05
CB0000831,T00067311,service_not_received,31.33,2026-04-27,
CB0000832,T00067398,service_not_received,854.09,2026-04-13,2026-04-26
CB0000833,T00067406,duplicate,116.57,2026-04-27,
CB0000834,T00067495,service_not_received,9514.6,2026-03-11,2026-03-26
CB0000835,T00067512,duplicate,130.16,2026-06-29,
CB0000836,T00067545,customer_dispute,3311.17,2026-05-04,2026-06-11
CB0000837,T00067563,customer_dispute,113.56,2026-04-19,
CB0000838,T00067740,service_not_received,1038.92,2026-06-24,2026-08-22
CB0000839,T00067888,customer_dispute,23.19,2026-07-07,2026-08-09
CB0000840,T00067937,service_not_received,507.33,2026-03-17,2026-04-21
CB0000841,T00067947,fraud,1007.57,2026-08-03,2026-09-26
CB0000842,T00067962,service_not_received,1820.26,2026-07-24,2026-08-06
CB0000843,T00068085,fraud,2775.5,2026-07-18,
CB0000844,T00068114,service_not_received,1168.36,2026-03-17,2026-04-19
CB0000845,T00068139,customer_dispute,931.82,2026-08-07,2026-09-03
CB0000846,T00068283,duplicate,28.14,2026-07-12,2026-07-24
CB0000847,T00068295,duplicate,2299.1,2026-03-17,2026-04-15
CB0000848,T00068411,service_not_received,919.48,2026-04-30,
CB0000849,T00068484,service_not_received,130.84,2026-02-09,2026-03-22
CB0000850,T00068523,service_not_received,62.45,2026-03-28,2026-05-13
CB0000851,T00069065,service_not_received,76.32,2026-05-21,
CB0000852,T00069147,fraud,1564.3,2026-01-26,
CB0000853,T00069155,fraud,582.48,2026-05-16,
CB0000854,T00069179,customer_dispute,825.66,2026-05-22,2026-06-17
CB0000855,T00069230,service_not_received,1321.16,2026-04-30,2026-06-05
CB0000856,T00069295,duplicate,73.2,2026-04-17,
CB0000857,T00069342,service_not_received,71.33,2026-08-03,2026-08-30
CB0000858,T00069357,service_not_received,12.4,2026-05-04,2026-05-20
CB0000859,T00069374,duplicate,328.38,2026-07-04,2026-08-28
CB0000860,T00069420,fraud,164.08,2026-03-14,2026-05-12
CB0000861,T00069451,fraud,106.16,2026-05-08,2026-06-22
CB0000862,T00069487,fraud,7316.06,2026-06-16,2026-07-07
CB0000863,T00069647,service_not_received,58.87,2026-06-14,2026-07-25
CB0000864,T00069756,service_not_received,16.31,2026-04-21,2026-06-04
CB0000865,T00069797,customer_dispute,26.69,2026-07-09,2026-08-01
CB0000866,T00069847,service_not_received,76.61,2026-05-10,2026-05-31
CB0000867,T00069967,duplicate,7083.34,2026-07-13,2026-08-26
CB0000868,T00070037,duplicate,20.59,2026-06-04,
CB0000869,T00070357,customer_dispute,59.06,2026-03-17,2026-04-13
CB0000870,T00070431,fraud,80.59,2026-08-02,
CB0000871,T00070491,fraud,32.98,2026-07-16,2026-08-06
CB0000872,T00070497,fraud,21.12,2026-07-07,
CB0000873,T00070573,customer_dispute,3340.56,2026-06-15,2026-07-07
CB0000874,T00070775,fraud,107.97,2026-06-21,
CB0000875,T00070920,customer_dispute,850.73,2026-03-04,2026-04-23
CB0000876,T00070989,customer_dispute,35.15,2026-07-29,2026-09-09
CB0000877,T00071166,fraud,6.52,2026-06-09,2026-08-01
CB0000878,T00071438,fraud,734.7,2026-07-10,2026-08-26
CB0000879,T00071484,fraud,25.23,2026-04-22,2026-06-06
CB0000880,T00071562,fraud,535.24,2026-06-11,2026-07-29
CB0000881,T00071631,fraud,312.05,2026-06-06,2026-07-08
CB0000882,T00071658,fraud,18.06,2026-03-11,
CB0000883,T00071698,service_not_received,7.54,2026-04-12,
CB0000884,T00071714,duplicate,1015.24,2026-06-29,2026-08-15
CB0000885,T00071784,duplicate,3552.93,2026-03-23,
CB0000886,T00071833,service_not_received,33.1,2026-04-12,
CB0000887,T00071899,fraud,2.73,2026-04-23,2026-05-14
CB0000888,T00072076,customer_dispute,1115.11,2026-03-18,2026-04-04
CB0000889,T00072189,fraud,7.08,2026-08-01,2026-09-12
CB0000890,T00072215,service_not_received,23.46,2026-07-12,2026-07-22
CB0000891,T00072233,fraud,309.52,2026-05-19,2026-06-26
CB0000892,T00072297,service_not_received,8.47,2026-06-01,2026-07-30
CB0000893,T00072639,duplicate,216.24,2026-06-10,2026-07-07
CB0000894,T00072903,fraud,54.35,2026-07-04,2026-07-25
CB0000895,T00072911,fraud,568.46,2026-04-01,2026-05-09
CB0000896,T00072941,service_not_received,5949.28,2026-03-30,2026-04-16
CB0000897,T00072954,customer_dispute,137.64,2026-03-02,2026-04-24
CB0000898,T00072958,fraud,37.89,2026-05-30,
CB0000899,T00072963,fraud,17.97,2026-05-07,
CB0000900,T00073028,service_not_received,28.47,2026-05-20,2026-06-23
CB0000901,T00073173,service_not_received,1929.66,2026-03-17,2026-04-06
CB0000902,T00073321,fraud,21.36,2026-05-06,
CB0000903,T00073421,fraud,2.8,2026-06-17,
CB0000904,T00073536,service_not_received,135.8,2026-05-30,2026-06-10
CB0000905,T00073557,customer_dispute,168.14,2026-06-03,2026-06-28
CB0000906,T00073564,fraud,33.26,2026-05-09,2026-07-02
CB0000907,T00073584,fraud,22.72,2026-06-09,2026-07-21
CB0000908,T00073589,customer_dispute,5.43,2026-06-27,2026-07-31
CB0000909,T00073786,fraud,852.13,2026-07-12,2026-08-19
CB0000910,T00073867,fraud,22.61,2026-07-29,
CB0000911,T00073950,customer_dispute,3974.67,2026-07-17,2026-08-30
CB0000912,T00073992,fraud,59.93,2026-05-21,2026-06-23
CB0000913,T00074020,duplicate,8.76,2026-04-28,2026-06-14
CB0000914,T00074146,service_not_received,1147.52,2026-03-29,2026-05-16
CB0000915,T00074266,service_not_received,75.91,2026-04-06,2026-04-20
CB0000916,T00074393,customer_dispute,138.81,2026-04-04,
CB0000917,T00074467,fraud,3551.83,2026-03-17,2026-03-30
CB0000918,T00074563,service_not_received,56.99,2026-07-06,2026-07-23
CB0000919,T00074626,duplicate,75.36,2026-07-24,2026-09-03
CB0000920,T00074722,customer_dispute,73.44,2026-05-18,2026-07-06
CB0000921,T00074776,service_not_received,7676.61,2026-05-26,
CB0000922,T00074791,customer_dispute,459.01,2026-07-19,2026-09-16
CB0000923,T00074874,fraud,7811.86,2026-04-25,2026-05-07
CB0000924,T00074925,customer_dispute,2085.33,2026-02-07,2026-03-26
CB0000925,T00074972,service_not_received,44.31,2026-04-19,2026-06-12
