rate_date,currency,rate_to_usd,rate_type
2026-01-01,INR,0.011882,SPOT
2026-01-01,INR,0.012051,ACCOUNTING
2026-01-01,SGD,0.743401,SPOT
2026-01-01,SGD,0.745074,ACCOUNTING
2026-01-01,AED,0.270808,SPOT
2026-01-01,AED,0.272327,ACCOUNTING
2026-01-02,INR,0.012045,SPOT
2026-01-02,INR,0.012053,ACCOUNTING
2026-01-02,SGD,0.749497,SPOT
2026-01-02,SGD,0.745157,ACCOUNTING
2026-01-02,AED,0.271487,SPOT
2026-01-02,AED,0.272357,ACCOUNTING
2026-01-03,INR,0.01208,SPOT
2026-01-03,INR,0.012054,ACCOUNTING
2026-01-03,SGD,0.74465,SPOT
2026-01-03,SGD,0.745239,ACCOUNTING
2026-01-03,AED,0.270838,SPOT
2026-01-03,AED,0.272387,ACCOUNTING
2026-01-04,INR,0.012153,SPOT
2026-01-04,INR,0.012055,ACCOUNTING
2026-01-04,SGD,0.748761,SPOT
2026-01-04,SGD,0.745321,ACCOUNTING
2026-01-04,AED,0.270512,SPOT
2026-01-04,AED,0.272417,ACCOUNTING
2026-01-05,INR,0.012084,SPOT
2026-01-05,INR,0.012056,ACCOUNTING
2026-01-05,SGD,0.744155,SPOT
2026-01-05,SGD,0.745402,ACCOUNTING
2026-01-05,AED,0.273168,SPOT
2026-01-05,AED,0.272447,ACCOUNTING
2026-01-06,INR,0.011955,SPOT
2026-01-06,INR,0.012058,ACCOUNTING
2026-01-06,SGD,0.743546,SPOT
2026-01-06,SGD,0.745482,ACCOUNTING
2026-01-06,AED,0.272916,SPOT
2026-01-06,AED,0.272476,ACCOUNTING
2026-01-07,INR,0.011973,SPOT
2026-01-07,INR,0.012059,ACCOUNTING
2026-01-07,SGD,0.746282,SPOT
2026-01-07,SGD,0.745561,ACCOUNTING
2026-01-07,AED,0.271798,SPOT
2026-01-07,AED,0.272505,ACCOUNTING
2026-01-08,INR,0.012056,SPOT
2026-01-08,INR,0.01206,ACCOUNTING
2026-01-08,SGD,0.749702,SPOT
2026-01-08,SGD,0.745638,ACCOUNTING
2026-01-08,AED,0.276775,SPOT
2026-01-08,AED,0.272533,ACCOUNTING
2026-01-09,INR,0.012058,SPOT
2026-01-09,INR,0.012062,ACCOUNTING
2026-01-09,SGD,0.744324,SPOT
2026-01-09,SGD,0.745714,ACCOUNTING
2026-01-09,AED,0.275516,SPOT
2026-01-09,AED,0.272561,ACCOUNTING
2026-01-10,INR,0.012135,SPOT
2026-01-10,INR,0.012063,ACCOUNTING
2026-01-10,SGD,0.753127,SPOT
2026-01-10,SGD,0.745789,ACCOUNTING
2026-01-10,AED,0.272757,SPOT
2026-01-10,AED,0.272588,ACCOUNTING
2026-01-11,INR,0.012112,SPOT
2026-01-11,INR,0.012064,ACCOUNTING
2026-01-11,SGD,0.745423,SPOT
2026-01-11,SGD,0.745862,ACCOUNTING
2026-01-11,AED,0.272468,SPOT
2026-01-11,AED,0.272615,ACCOUNTING
2026-01-12,INR,0.012062,SPOT
2026-01-12,INR,0.012065,ACCOUNTING
2026-01-12,SGD,0.747089,SPOT
2026-01-12,SGD,0.745932,ACCOUNTING
2026-01-12,AED,0.272505,SPOT
2026-01-12,AED,0.272641,ACCOUNTING
2026-01-13,INR,0.012154,SPOT
2026-01-13,INR,0.012066,ACCOUNTING
2026-01-13,SGD,0.747821,SPOT
2026-01-13,SGD,0.746001,ACCOUNTING
2026-01-13,AED,0.27272,SPOT
2026-01-13,AED,0.272666,ACCOUNTING
2026-01-14,INR,0.012066,SPOT
2026-01-14,INR,0.012067,ACCOUNTING
2026-01-14,SGD,0.743369,SPOT
2026-01-14,SGD,0.746067,ACCOUNTING
2026-01-14,AED,0.270626,SPOT
2026-01-14,AED,0.27269,ACCOUNTING
2026-01-15,INR,0.012127,SPOT
2026-01-15,INR,0.012068,ACCOUNTING
2026-01-15,SGD,0.749742,SPOT
2026-01-15,SGD,0.746132,ACCOUNTING
2026-01-15,AED,0.270597,SPOT
2026-01-15,AED,0.272714,ACCOUNTING
2026-01-16,INR,0.011977,SPOT
2026-01-16,INR,0.012069,ACCOUNTING
2026-01-16,SGD,0.748439,SPOT
2026-01-16,SGD,0.746193,ACCOUNTING
2026-01-16,AED,0.27189,SPOT
2026-01-16,AED,0.272736,ACCOUNTING
2026-01-17,INR,0.011984,SPOT
2026-01-17,INR,0.01207,ACCOUNTING
2026-01-17,SGD,0.738159,SPOT
2026-01-17,SGD,0.746252,ACCOUNTING
2026-01-17,AED,0.271666,SPOT
2026-01-17,AED,0.272758,ACCOUNTING
2026-01-18,INR,0.012065,SPOT
2026-01-18,INR,0.012071,ACCOUNTING
2026-01-18,SGD,0.744089,SPOT
2026-01-18,SGD,0.746308,ACCOUNTING
2026-01-18,AED,0.270262,SPOT
2026-01-18,AED,0.272778,ACCOUNTING
2026-01-19,INR,0.012013,SPOT
2026-01-19,INR,0.012072,ACCOUNTING
2026-01-19,SGD,0.747854,SPOT
2026-01-19,SGD,0.746361,ACCOUNTING
2026-01-19,AED,0.275023,SPOT
2026-01-19,AED,0.272797,ACCOUNTING
2026-01-20,INR,0.01206,SPOT
2026-01-20,INR,0.012073,ACCOUNTING
2026-01-20,SGD,0.75001,SPOT
2026-01-20,SGD,0.746411,ACCOUNTING
2026-01-20,AED,0.273622,SPOT
2026-01-20,AED,0.272816,ACCOUNTING
2026-01-21,INR,0.012015,SPOT
2026-01-21,INR,0.012074,ACCOUNTING
2026-01-21,SGD,0.749605,SPOT
2026-01-21,SGD,0.746458,ACCOUNTING
2026-01-21,AED,0.274288,SPOT
2026-01-21,AED,0.272833,ACCOUNTING
2026-01-22,INR,0.012022,SPOT
2026-01-22,INR,0.012074,ACCOUNTING
2026-01-22,SGD,0.745514,SPOT
2026-01-22,SGD,0.746502,ACCOUNTING
2026-01-22,AED,0.271535,SPOT
2026-01-22,AED,0.272849,ACCOUNTING
2026-01-23,INR,0.011966,SPOT
2026-01-23,INR,0.012075,ACCOUNTING
2026-01-23,SGD,0.750029,SPOT
2026-01-23,SGD,0.746542,ACCOUNTING
2026-01-23,AED,0.275085,SPOT
2026-01-23,AED,0.272864,ACCOUNTING
2026-01-24,INR,0.012053,SPOT
2026-01-24,INR,0.012076,ACCOUNTING
2026-01-24,SGD,0.743087,SPOT
2026-01-24,SGD,0.746579,ACCOUNTING
2026-01-24,AED,0.274219,SPOT
2026-01-24,AED,0.272877,ACCOUNTING
2026-01-25,INR,0.012143,SPOT
2026-01-25,INR,0.012076,ACCOUNTING
2026-01-25,SGD,0.741625,SPOT
2026-01-25,SGD,0.746613,ACCOUNTING
2026-01-25,AED,0.272711,SPOT
2026-01-25,AED,0.272889,ACCOUNTING
2026-01-26,INR,0.012201,SPOT
2026-01-26,INR,0.012077,ACCOUNTING
2026-01-26,SGD,0.753659,SPOT
2026-01-26,SGD,0.746643,ACCOUNTING
2026-01-26,AED,0.270979,SPOT
2026-01-26,AED,0.2729,ACCOUNTING
2026-01-27,INR,0.011958,SPOT
2026-01-27,INR,0.012077,ACCOUNTING
2026-01-27,SGD,0.747107,SPOT
2026-01-27,SGD,0.746669,ACCOUNTING
2026-01-27,AED,0.273662,SPOT
2026-01-27,AED,0.27291,ACCOUNTING
2026-01-28,INR,0.012111,SPOT
2026-01-28,INR,0.012077,ACCOUNTING
2026-01-28,SGD,0.747996,SPOT
2026-01-28,SGD,0.746692,ACCOUNTING
2026-01-28,AED,0.272968,SPOT
2026-01-28,AED,0.272918,ACCOUNTING
2026-01-29,INR,0.012029,SPOT
2026-01-29,INR,0.012078,ACCOUNTING
2026-01-29,SGD,0.742749,SPOT
2026-01-29,SGD,0.746711,ACCOUNTING
2026-01-29,AED,0.273825,SPOT
2026-01-29,AED,0.272925,ACCOUNTING
2026-01-30,INR,0.012009,SPOT
2026-01-30,INR,0.012078,ACCOUNTING
2026-01-30,SGD,0.738147,SPOT
2026-01-30,SGD,0.746726,ACCOUNTING
2026-01-30,AED,0.272754,SPOT
2026-01-30,AED,0.272931,ACCOUNTING
2026-01-31,INR,0.012081,SPOT
2026-01-31,INR,0.012078,ACCOUNTING
2026-01-31,SGD,0.75422,SPOT
2026-01-31,SGD,0.746738,ACCOUNTING
2026-01-31,AED,0.272582,SPOT
2026-01-31,AED,0.272935,ACCOUNTING
2026-02-01,INR,0.011964,SPOT
2026-02-01,INR,0.012078,ACCOUNTING
2026-02-01,SGD,0.751092,SPOT
2026-02-01,SGD,0.746746,ACCOUNTING
2026-02-01,AED,0.272454,SPOT
2026-02-01,AED,0.272938,ACCOUNTING
2026-02-02,INR,0.012049,SPOT
2026-02-02,INR,0.012078,ACCOUNTING
2026-02-02,SGD,0.740462,SPOT
2026-02-02,SGD,0.74675,ACCOUNTING
2026-02-02,AED,0.273375,SPOT
2026-02-02,AED,0.27294,ACCOUNTING
2026-02-03,INR,0.012072,SPOT
2026-02-03,INR,0.012078,ACCOUNTING
2026-02-03,SGD,0.746038,SPOT
2026-02-03,SGD,0.746751,ACCOUNTING
2026-02-03,AED,0.274082,SPOT
2026-02-03,AED,0.27294,ACCOUNTING
2026-02-04,INR,0.012138,SPOT
2026-02-04,INR,0.012078,ACCOUNTING
2026-02-04,SGD,0.747137,SPOT
2026-02-04,SGD,0.746748,ACCOUNTING
2026-02-04,AED,0.273437,SPOT
2026-02-04,AED,0.272939,ACCOUNTING
2026-02-05,INR,0.012087,SPOT
2026-02-05,INR,0.012078,ACCOUNTING
2026-02-05,SGD,0.753198,SPOT
2026-02-05,SGD,0.746741,ACCOUNTING
2026-02-05,AED,0.271083,SPOT
2026-02-05,AED,0.272936,ACCOUNTING
2026-02-06,INR,0.011984,SPOT
2026-02-06,INR,0.012078,ACCOUNTING
2026-02-06,SGD,0.740433,SPOT
2026-02-06,SGD,0.74673,ACCOUNTING
2026-02-06,AED,0.273417,SPOT
2026-02-06,AED,0.272932,ACCOUNTING
2026-02-07,INR,0.012054,SPOT
2026-02-07,INR,0.012078,ACCOUNTING
2026-02-07,SGD,0.740821,SPOT
2026-02-07,SGD,0.746716,ACCOUNTING
2026-02-07,AED,0.272264,SPOT
2026-02-07,AED,0.272927,ACCOUNTING
2026-02-08,INR,0.012219,SPOT
2026-02-08,INR,0.012077,ACCOUNTING
2026-02-08,SGD,0.747697,SPOT
2026-02-08,SGD,0.746699,ACCOUNTING
2026-02-08,AED,0.274997,SPOT
2026-02-08,AED,0.272921,ACCOUNTING
2026-02-09,INR,0.011969,SPOT
2026-02-09,INR,0.012077,ACCOUNTING
2026-02-09,SGD,0.747112,SPOT
2026-02-09,SGD,0.746678,ACCOUNTING
2026-02-09,AED,0.273433,SPOT
2026-02-09,AED,0.272913,ACCOUNTING
2026-02-10,INR,0.012113,SPOT
2026-02-10,INR,0.012077,ACCOUNTING
2026-02-10,SGD,0.744697,SPOT
2026-02-10,SGD,0.746653,ACCOUNTING
2026-02-10,AED,0.274215,SPOT
2026-02-10,AED,0.272904,ACCOUNTING
2026-02-11,INR,0.012099,SPOT
2026-02-11,INR,0.012076,ACCOUNTING
2026-02-11,SGD,0.746242,SPOT
2026-02-11,SGD,0.746626,ACCOUNTING
2026-02-11,AED,0.27191,SPOT
2026-02-11,AED,0.272894,ACCOUNTING
2026-02-12,INR,0.011957,SPOT
2026-02-12,INR,0.012076,ACCOUNTING
2026-02-12,SGD,0.737302,SPOT
2026-02-12,SGD,0.746595,ACCOUNTING
2026-02-12,AED,0.271518,SPOT
2026-02-12,AED,0.272883,ACCOUNTING
2026-02-13,INR,0.012053,SPOT
2026-02-13,INR,0.012075,ACCOUNTING
2026-02-13,SGD,0.742869,SPOT
2026-02-13,SGD,0.746561,ACCOUNTING
2026-02-13,AED,0.273188,SPOT
2026-02-13,AED,0.27287,ACCOUNTING
2026-02-14,INR,0.012124,SPOT
2026-02-14,INR,0.012075,ACCOUNTING
2026-02-14,SGD,0.74032,SPOT
2026-02-14,SGD,0.746524,ACCOUNTING
2026-02-14,AED,0.27353,SPOT
2026-02-14,AED,0.272857,ACCOUNTING
2026-02-15,INR,0.012063,SPOT
2026-02-15,INR,0.012074,ACCOUNTING
2026-02-15,SGD,0.738228,SPOT
2026-02-15,SGD,0.746484,ACCOUNTING
2026-02-15,AED,0.274125,SPOT
2026-02-15,AED,0.272842,ACCOUNTING
2026-02-16,INR,0.011998,SPOT
2026-02-16,INR,0.012073,ACCOUNTING
2026-02-16,SGD,0.757441,SPOT
2026-02-16,SGD,0.746441,ACCOUNTING
2026-02-16,AED,0.274556,SPOT
2026-02-16,AED,0.272827,ACCOUNTING
2026-02-17,INR,0.012055,SPOT
2026-02-17,INR,0.012073,ACCOUNTING
2026-02-17,SGD,0.745965,SPOT
2026-02-17,SGD,0.746395,ACCOUNTING
2026-02-17,AED,0.270382,SPOT
2026-02-17,AED,0.27281,ACCOUNTING
2026-02-18,INR,0.012193,SPOT
2026-02-18,INR,0.012072,ACCOUNTING
2026-02-18,SGD,0.742197,SPOT
2026-02-18,SGD,0.746348,ACCOUNTING
2026-02-18,AED,0.272732,SPOT
2026-02-18,AED,0.272793,ACCOUNTING
2026-02-19,INR,0.01202,SPOT
2026-02-19,INR,0.012071,ACCOUNTING
2026-02-19,SGD,0.748075,SPOT
2026-02-19,SGD,0.746297,ACCOUNTING
2026-02-19,AED,0.272636,SPOT
2026-02-19,AED,0.272774,ACCOUNTING
2026-02-20,INR,0.012021,SPOT
2026-02-20,INR,0.01207,ACCOUNTING
2026-02-20,SGD,0.74811,SPOT
2026-02-20,SGD,0.746245,ACCOUNTING
2026-02-20,AED,0.275135,SPOT
2026-02-20,AED,0.272755,ACCOUNTING
2026-02-21,INR,0.012071,SPOT
2026-02-21,INR,0.012069,ACCOUNTING
2026-02-21,SGD,0.736262,SPOT
2026-02-21,SGD,0.74619,ACCOUNTING
2026-02-21,AED,0.273299,SPOT
2026-02-21,AED,0.272735,ACCOUNTING
2026-02-22,INR,0.011961,SPOT
2026-02-22,INR,0.012068,ACCOUNTING
2026-02-22,SGD,0.739955,SPOT
2026-02-22,SGD,0.746134,ACCOUNTING
2026-02-22,AED,0.270286,SPOT
2026-02-22,AED,0.272714,ACCOUNTING
2026-02-23,INR,0.012119,SPOT
2026-02-23,INR,0.012067,ACCOUNTING
2026-02-23,SGD,0.739605,SPOT
2026-02-23,SGD,0.746076,ACCOUNTING
2026-02-23,AED,0.274314,SPOT
2026-02-23,AED,0.272693,ACCOUNTING
2026-02-24,INR,0.012127,SPOT
2026-02-24,INR,0.012066,ACCOUNTING
2026-02-24,SGD,0.74226,SPOT
2026-02-24,SGD,0.746016,ACCOUNTING
2026-02-24,AED,0.273491,SPOT
2026-02-24,AED,0.272671,ACCOUNTING
2026-02-25,INR,0.012154,SPOT
2026-02-25,INR,0.012065,ACCOUNTING
2026-02-25,SGD,0.743535,SPOT
2026-02-25,SGD,0.745954,ACCOUNTING
2026-02-25,AED,0.274729,SPOT
2026-02-25,AED,0.272649,ACCOUNTING
2026-02-26,INR,0.012081,SPOT
2026-02-26,INR,0.012064,ACCOUNTING
2026-02-26,SGD,0.743078,SPOT
2026-02-26,SGD,0.745892,ACCOUNTING
2026-02-26,AED,0.274073,SPOT
2026-02-26,AED,0.272626,ACCOUNTING
2026-02-27,INR,0.012017,SPOT
2026-02-27,INR,0.012063,ACCOUNTING
2026-02-27,SGD,0.752375,SPOT
2026-02-27,SGD,0.745828,ACCOUNTING
2026-02-27,AED,0.270849,SPOT
2026-02-27,AED,0.272603,ACCOUNTING
2026-02-28,INR,0.012164,SPOT
2026-02-28,INR,0.012062,ACCOUNTING
2026-02-28,SGD,0.747175,SPOT
2026-02-28,SGD,0.745764,ACCOUNTING
2026-02-28,AED,0.273902,SPOT
2026-02-28,AED,0.272579,ACCOUNTING
2026-03-01,INR,0.012041,SPOT
2026-03-01,INR,0.012061,ACCOUNTING
2026-03-01,SGD,0.747972,SPOT
2026-03-01,SGD,0.745699,ACCOUNTING
2026-03-01,AED,0.268613,SPOT
2026-03-01,AED,0.272555,ACCOUNTING
2026-03-02,INR,0.012086,SPOT
2026-03-02,INR,0.01206,ACCOUNTING
2026-03-02,SGD,0.740371,SPOT
2026-03-02,SGD,0.745633,ACCOUNTING
2026-03-02,AED,0.273976,SPOT
2026-03-02,AED,0.272531,ACCOUNTING
2026-03-03,INR,0.012032,SPOT
2026-03-03,INR,0.012059,ACCOUNTING
2026-03-03,SGD,0.74383,SPOT
2026-03-03,SGD,0.745567,ACCOUNTING
2026-03-03,AED,0.27086,SPOT
2026-03-03,AED,0.272507,ACCOUNTING
2026-03-04,INR,0.012084,SPOT
2026-03-04,INR,0.012058,ACCOUNTING
2026-03-04,SGD,0.742497,SPOT
2026-03-04,SGD,0.745501,ACCOUNTING
2026-03-04,AED,0.272683,SPOT
2026-03-04,AED,0.272483,ACCOUNTING
2026-03-05,INR,0.012047,SPOT
2026-03-05,INR,0.012057,ACCOUNTING
2026-03-05,SGD,0.741724,SPOT
2026-03-05,SGD,0.745435,ACCOUNTING
2026-03-05,AED,0.272142,SPOT
2026-03-05,AED,0.272459,ACCOUNTING
2026-03-06,INR,0.012029,SPOT
2026-03-06,INR,0.012056,ACCOUNTING
2026-03-06,SGD,0.750662,SPOT
2026-03-06,SGD,0.745369,ACCOUNTING
2026-03-06,AED,0.274641,SPOT
2026-03-06,AED,0.272435,ACCOUNTING
2026-03-07,INR,0.011976,SPOT
2026-03-07,INR,0.012055,ACCOUNTING
2026-03-07,SGD,0.74721,SPOT
2026-03-07,SGD,0.745303,ACCOUNTING
2026-03-07,AED,0.272334,SPOT
2026-03-07,AED,0.272411,ACCOUNTING
2026-03-08,INR,0.012009,SPOT
2026-03-08,INR,0.012054,ACCOUNTING
2026-03-08,SGD,0.747017,SPOT
2026-03-08,SGD,0.745238,ACCOUNTING
2026-03-08,AED,0.273566,SPOT
2026-03-08,AED,0.272387,ACCOUNTING
2026-03-09,INR,0.01188,SPOT
2026-03-09,INR,0.012053,ACCOUNTING
2026-03-09,SGD,0.750878,SPOT
2026-03-09,SGD,0.745174,ACCOUNTING
2026-03-09,AED,0.273968,SPOT
2026-03-09,AED,0.272364,ACCOUNTING
2026-03-10,INR,0.012071,SPOT
2026-03-10,INR,0.012052,ACCOUNTING
2026-03-10,SGD,0.742483,SPOT
2026-03-10,SGD,0.745111,ACCOUNTING
2026-03-10,AED,0.273614,SPOT
2026-03-10,AED,0.27234,ACCOUNTING
2026-03-11,INR,0.012026,SPOT
2026-03-11,INR,0.012051,ACCOUNTING
2026-03-11,SGD,0.752105,SPOT
2026-03-11,SGD,0.745048,ACCOUNTING
2026-03-11,AED,0.274289,SPOT
2026-03-11,AED,0.272318,ACCOUNTING
2026-03-12,INR,0.012075,SPOT
2026-03-12,INR,0.01205,ACCOUNTING
2026-03-12,SGD,0.742849,SPOT
2026-03-12,SGD,0.744988,ACCOUNTING
2026-03-12,AED,0.27364,SPOT
2026-03-12,AED,0.272296,ACCOUNTING
2026-03-13,INR,0.012131,SPOT
2026-03-13,INR,0.012049,ACCOUNTING
2026-03-13,SGD,0.744975,SPOT
2026-03-13,SGD,0.744928,ACCOUNTING
2026-03-13,AED,0.273509,SPOT
2026-03-13,AED,0.272274,ACCOUNTING
2026-03-14,INR,0.012039,SPOT
2026-03-14,INR,0.012048,ACCOUNTING
2026-03-14,SGD,0.738703,SPOT
2026-03-14,SGD,0.744871,ACCOUNTING
2026-03-14,AED,0.270128,SPOT
2026-03-14,AED,0.272253,ACCOUNTING
2026-03-15,INR,0.012086,SPOT
2026-03-15,INR,0.012047,ACCOUNTING
2026-03-15,SGD,0.75332,SPOT
2026-03-15,SGD,0.744815,ACCOUNTING
2026-03-15,AED,0.271272,SPOT
2026-03-15,AED,0.272232,ACCOUNTING
2026-03-16,INR,0.012017,SPOT
2026-03-16,INR,0.012046,ACCOUNTING
2026-03-16,SGD,0.747874,SPOT
2026-03-16,SGD,0.744761,ACCOUNTING
2026-03-16,AED,0.27292,SPOT
2026-03-16,AED,0.272213,ACCOUNTING
2026-03-17,INR,0.012096,SPOT
2026-03-17,INR,0.012045,ACCOUNTING
2026-03-17,SGD,0.748867,SPOT
2026-03-17,SGD,0.744709,ACCOUNTING
2026-03-17,AED,0.272838,SPOT
2026-03-17,AED,0.272194,ACCOUNTING
2026-03-18,INR,0.012085,SPOT
2026-03-18,INR,0.012044,ACCOUNTING
2026-03-18,SGD,0.741536,SPOT
2026-03-18,SGD,0.74466,ACCOUNTING
2026-03-18,AED,0.272192,SPOT
2026-03-18,AED,0.272176,ACCOUNTING
2026-03-19,INR,0.012167,SPOT
2026-03-19,INR,0.012044,ACCOUNTING
2026-03-19,SGD,0.7487,SPOT
2026-03-19,SGD,0.744613,ACCOUNTING
2026-03-19,AED,0.273338,SPOT
2026-03-19,AED,0.272158,ACCOUNTING
2026-03-20,INR,0.012013,SPOT
2026-03-20,INR,0.012043,ACCOUNTING
2026-03-20,SGD,0.743019,SPOT
2026-03-20,SGD,0.744568,ACCOUNTING
2026-03-20,AED,0.271135,SPOT
2026-03-20,AED,0.272142,ACCOUNTING
2026-03-21,INR,0.011944,SPOT
2026-03-21,INR,0.012042,ACCOUNTING
2026-03-21,SGD,0.745432,SPOT
2026-03-21,SGD,0.744526,ACCOUNTING
2026-03-21,AED,0.272261,SPOT
2026-03-21,AED,0.272127,ACCOUNTING
2026-03-22,INR,0.01209,SPOT
2026-03-22,INR,0.012042,ACCOUNTING
2026-03-22,SGD,0.751286,SPOT
2026-03-22,SGD,0.744487,ACCOUNTING
2026-03-22,AED,0.271882,SPOT
2026-03-22,AED,0.272113,ACCOUNTING
2026-03-23,INR,0.012167,SPOT
2026-03-23,INR,0.012041,ACCOUNTING
2026-03-23,SGD,0.748976,SPOT
2026-03-23,SGD,0.744451,ACCOUNTING
2026-03-23,AED,0.275236,SPOT
2026-03-23,AED,0.272099,ACCOUNTING
2026-03-24,INR,0.011995,SPOT
2026-03-24,INR,0.012041,ACCOUNTING
2026-03-24,SGD,0.75194,SPOT
2026-03-24,SGD,0.744418,ACCOUNTING
2026-03-24,AED,0.271818,SPOT
2026-03-24,AED,0.272087,ACCOUNTING
2026-03-25,INR,0.01202,SPOT
2026-03-25,INR,0.01204,ACCOUNTING
2026-03-25,SGD,0.746454,SPOT
2026-03-25,SGD,0.744388,ACCOUNTING
2026-03-25,AED,0.271541,SPOT
2026-03-25,AED,0.272076,ACCOUNTING
2026-03-26,INR,0.012109,SPOT
2026-03-26,INR,0.01204,ACCOUNTING
2026-03-26,SGD,0.750498,SPOT
2026-03-26,SGD,0.744362,ACCOUNTING
2026-03-26,AED,0.273742,SPOT
2026-03-26,AED,0.272067,ACCOUNTING
2026-03-27,INR,0.012074,SPOT
2026-03-27,INR,0.012039,ACCOUNTING
2026-03-27,SGD,0.752031,SPOT
2026-03-27,SGD,0.744339,ACCOUNTING
2026-03-27,AED,0.273643,SPOT
2026-03-27,AED,0.272058,ACCOUNTING
2026-03-28,INR,0.012068,SPOT
2026-03-28,INR,0.012039,ACCOUNTING
2026-03-28,SGD,0.746209,SPOT
2026-03-28,SGD,0.744319,ACCOUNTING
2026-03-28,AED,0.271506,SPOT
2026-03-28,AED,0.272051,ACCOUNTING
2026-03-29,INR,0.012009,SPOT
2026-03-29,INR,0.012039,ACCOUNTING
2026-03-29,SGD,0.744767,SPOT
2026-03-29,SGD,0.744302,ACCOUNTING
2026-03-29,AED,0.271238,SPOT
2026-03-29,AED,0.272045,ACCOUNTING
2026-03-30,INR,0.011996,SPOT
2026-03-30,INR,0.012039,ACCOUNTING
2026-03-30,SGD,0.742722,SPOT
2026-03-30,SGD,0.744289,ACCOUNTING
2026-03-30,AED,0.274722,SPOT
2026-03-30,AED,0.27204,ACCOUNTING
2026-03-31,INR,0.012021,SPOT
2026-03-31,INR,0.012038,ACCOUNTING
2026-03-31,SGD,0.750529,SPOT
2026-03-31,SGD,0.74428,ACCOUNTING
2026-03-31,AED,0.271927,SPOT
2026-03-31,AED,0.272037,ACCOUNTING
2026-04-01,INR,0.012094,SPOT
2026-04-01,INR,0.012038,ACCOUNTING
2026-04-01,SGD,0.743224,SPOT
2026-04-01,SGD,0.744275,ACCOUNTING
2026-04-01,AED,0.273301,SPOT
2026-04-01,AED,0.272035,ACCOUNTING
2026-04-02,INR,0.012245,SPOT
2026-04-02,INR,0.012038,ACCOUNTING
2026-04-02,SGD,0.743764,SPOT
2026-04-02,SGD,0.744273,ACCOUNTING
2026-04-02,AED,0.272509,SPOT
2026-04-02,AED,0.272034,ACCOUNTING
2026-04-03,INR,0.011995,SPOT
2026-04-03,INR,0.012038,ACCOUNTING
2026-04-03,SGD,0.751819,SPOT
2026-04-03,SGD,0.744274,ACCOUNTING
2026-04-03,AED,0.275053,SPOT
2026-04-03,AED,0.272035,ACCOUNTING
2026-04-04,INR,0.012014,SPOT
2026-04-04,INR,0.012038,ACCOUNTING
2026-04-04,SGD,0.746222,SPOT
2026-04-04,SGD,0.74428,ACCOUNTING
2026-04-04,AED,0.273691,SPOT
2026-04-04,AED,0.272037,ACCOUNTING
2026-04-05,INR,0.012086,SPOT
2026-04-05,INR,0.012039,ACCOUNTING
2026-04-05,SGD,0.74281,SPOT
2026-04-05,SGD,0.744289,ACCOUNTING
2026-04-05,AED,0.271432,SPOT
2026-04-05,AED,0.27204,ACCOUNTING
2026-04-06,INR,0.011993,SPOT
2026-04-06,INR,0.012039,ACCOUNTING
2026-04-06,SGD,0.751545,SPOT
2026-04-06,SGD,0.744302,ACCOUNTING
2026-04-06,AED,0.274103,SPOT
2026-04-06,AED,0.272045,ACCOUNTING
2026-04-07,INR,0.012203,SPOT
2026-04-07,INR,0.012039,ACCOUNTING
2026-04-07,SGD,0.742481,SPOT
2026-04-07,SGD,0.744319,ACCOUNTING
2026-04-07,AED,0.273516,SPOT
2026-04-07,AED,0.272051,ACCOUNTING
2026-04-08,INR,0.012092,SPOT
2026-04-08,INR,0.012039,ACCOUNTING
2026-04-08,SGD,0.748667,SPOT
2026-04-08,SGD,0.744339,ACCOUNTING
2026-04-08,AED,0.27403,SPOT
2026-04-08,AED,0.272058,ACCOUNTING
2026-04-09,INR,0.012314,SPOT
2026-04-09,INR,0.01204,ACCOUNTING
2026-04-09,SGD,0.761145,SPOT
2026-04-09,SGD,0.744363,ACCOUNTING
2026-04-09,AED,0.273628,SPOT
2026-04-09,AED,0.272067,ACCOUNTING
2026-04-10,INR,0.0122,SPOT
2026-04-10,INR,0.01204,ACCOUNTING
2026-04-10,SGD,0.743197,SPOT
2026-04-10,SGD,0.744391,ACCOUNTING
2026-04-10,AED,0.272886,SPOT
2026-04-10,AED,0.272077,ACCOUNTING
2026-04-11,INR,0.012026,SPOT
2026-04-11,INR,0.012041,ACCOUNTING
2026-04-11,SGD,0.748196,SPOT
2026-04-11,SGD,0.744422,ACCOUNTING
2026-04-11,AED,0.273915,SPOT
2026-04-11,AED,0.272089,ACCOUNTING
2026-04-12,INR,0.01225,SPOT
2026-04-12,INR,0.012041,ACCOUNTING
2026-04-12,SGD,0.742927,SPOT
2026-04-12,SGD,0.744457,ACCOUNTING
2026-04-12,AED,0.275231,SPOT
2026-04-12,AED,0.272101,ACCOUNTING
2026-04-13,INR,0.012054,SPOT
2026-04-13,INR,0.012042,ACCOUNTING
2026-04-13,SGD,0.744616,SPOT
2026-04-13,SGD,0.744495,ACCOUNTING
2026-04-13,AED,0.272687,SPOT
2026-04-13,AED,0.272115,ACCOUNTING
2026-04-14,INR,0.012228,SPOT
2026-04-14,INR,0.012042,ACCOUNTING
2026-04-14,SGD,0.738366,SPOT
2026-04-14,SGD,0.744536,ACCOUNTING
2026-04-14,AED,0.273818,SPOT
2026-04-14,AED,0.272131,ACCOUNTING
2026-04-15,INR,0.012166,SPOT
2026-04-15,INR,0.012043,ACCOUNTING
2026-04-15,SGD,0.742829,SPOT
2026-04-15,SGD,0.744581,ACCOUNTING
2026-04-15,AED,0.273958,SPOT
2026-04-15,AED,0.272147,ACCOUNTING
2026-04-16,INR,0.012033,SPOT
2026-04-16,INR,0.012044,ACCOUNTING
2026-04-16,SGD,0.755947,SPOT
2026-04-16,SGD,0.744629,ACCOUNTING
2026-04-16,AED,0.270988,SPOT
2026-04-16,AED,0.272164,ACCOUNTING
2026-04-17,INR,0.012127,SPOT
2026-04-17,INR,0.012045,ACCOUNTING
2026-04-17,SGD,0.745261,SPOT
2026-04-17,SGD,0.74468,ACCOUNTING
2026-04-17,AED,0.272874,SPOT
2026-04-17,AED,0.272183,ACCOUNTING
2026-04-18,INR,0.012065,SPOT
2026-04-18,INR,0.012046,ACCOUNTING
2026-04-18,SGD,0.752176,SPOT
2026-04-18,SGD,0.744734,ACCOUNTING
2026-04-18,AED,0.273428,SPOT
2026-04-18,AED,0.272203,ACCOUNTING
2026-04-19,INR,0.011985,SPOT
2026-04-19,INR,0.012047,ACCOUNTING
2026-04-19,SGD,0.74894,SPOT
2026-04-19,SGD,0.744791,ACCOUNTING
2026-04-19,AED,0.273577,SPOT
2026-04-19,AED,0.272224,ACCOUNTING
2026-04-20,INR,0.012163,SPOT
2026-04-20,INR,0.012048,ACCOUNTING
2026-04-20,SGD,0.748813,SPOT
2026-04-20,SGD,0.744851,ACCOUNTING
2026-04-20,AED,0.270661,SPOT
2026-04-20,AED,0.272246,ACCOUNTING
2026-04-21,INR,0.012173,SPOT
2026-04-21,INR,0.012049,ACCOUNTING
2026-04-21,SGD,0.752437,SPOT
2026-04-21,SGD,0.744913,ACCOUNTING
2026-04-21,AED,0.274008,SPOT
2026-04-21,AED,0.272268,ACCOUNTING
2026-04-22,INR,0.012109,SPOT
2026-04-22,INR,0.01205,ACCOUNTING
2026-04-22,SGD,0.74903,SPOT
2026-04-22,SGD,0.744978,ACCOUNTING
2026-04-22,AED,0.275049,SPOT
2026-04-22,AED,0.272292,ACCOUNTING
2026-04-23,INR,0.012187,SPOT
2026-04-23,INR,0.012051,ACCOUNTING
2026-04-23,SGD,0.749764,SPOT
2026-04-23,SGD,0.745045,ACCOUNTING
2026-04-23,AED,0.274208,SPOT
2026-04-23,AED,0.272317,ACCOUNTING
2026-04-24,INR,0.012103,SPOT
2026-04-24,INR,0.012052,ACCOUNTING
2026-04-24,SGD,0.758152,SPOT
2026-04-24,SGD,0.745115,ACCOUNTING
2026-04-24,AED,0.269846,SPOT
2026-04-24,AED,0.272342,ACCOUNTING
2026-04-25,INR,0.012041,SPOT
2026-04-25,INR,0.012053,ACCOUNTING
2026-04-25,SGD,0.743868,SPOT
2026-04-25,SGD,0.745186,ACCOUNTING
2026-04-25,AED,0.276623,SPOT
2026-04-25,AED,0.272368,ACCOUNTING
2026-04-26,INR,0.012074,SPOT
2026-04-26,INR,0.012054,ACCOUNTING
2026-04-26,SGD,0.738512,SPOT
2026-04-26,SGD,0.74526,ACCOUNTING
2026-04-26,AED,0.271872,SPOT
2026-04-26,AED,0.272395,ACCOUNTING
2026-04-27,INR,0.01213,SPOT
2026-04-27,INR,0.012055,ACCOUNTING
2026-04-27,SGD,0.747625,SPOT
2026-04-27,SGD,0.745335,ACCOUNTING
2026-04-27,AED,0.273041,SPOT
2026-04-27,AED,0.272422,ACCOUNTING
2026-04-28,INR,0.012105,SPOT
2026-04-28,INR,0.012057,ACCOUNTING
2026-04-28,SGD,0.752611,SPOT
2026-04-28,SGD,0.745411,ACCOUNTING
2026-04-28,AED,0.274725,SPOT
2026-04-28,AED,0.27245,ACCOUNTING
2026-04-29,INR,0.012032,SPOT
2026-04-29,INR,0.012058,ACCOUNTING
2026-04-29,SGD,0.748852,SPOT
2026-04-29,SGD,0.745489,ACCOUNTING
2026-04-29,AED,0.275758,SPOT
2026-04-29,AED,0.272479,ACCOUNTING
2026-04-30,INR,0.012107,SPOT
2026-04-30,INR,0.012059,ACCOUNTING
2026-04-30,SGD,0.744908,SPOT
2026-04-30,SGD,0.745569,ACCOUNTING
2026-04-30,AED,0.271359,SPOT
2026-04-30,AED,0.272508,ACCOUNTING
2026-05-01,INR,0.012109,SPOT
2026-05-01,INR,0.01206,ACCOUNTING
2026-05-01,SGD,0.746611,SPOT
2026-05-01,SGD,0.745649,ACCOUNTING
2026-05-01,AED,0.27286,SPOT
2026-05-01,AED,0.272537,ACCOUNTING
2026-05-02,INR,0.012107,SPOT
2026-05-02,INR,0.012062,ACCOUNTING
2026-05-02,SGD,0.744488,SPOT
2026-05-02,SGD,0.74573,ACCOUNTING
2026-05-02,AED,0.275327,SPOT
2026-05-02,AED,0.272567,ACCOUNTING
2026-05-03,INR,0.012086,SPOT
2026-05-03,INR,0.012063,ACCOUNTING
2026-05-03,SGD,0.756402,SPOT
2026-05-03,SGD,0.745812,ACCOUNTING
2026-05-03,AED,0.274911,SPOT
2026-05-03,AED,0.272597,ACCOUNTING
2026-05-04,INR,0.012086,SPOT
2026-05-04,INR,0.012064,ACCOUNTING
2026-05-04,SGD,0.741829,SPOT
2026-05-04,SGD,0.745894,ACCOUNTING
2026-05-04,AED,0.274313,SPOT
2026-05-04,AED,0.272627,ACCOUNTING
2026-05-05,INR,0.012126,SPOT
2026-05-05,INR,0.012066,ACCOUNTING
2026-05-05,SGD,0.744436,SPOT
2026-05-05,SGD,0.745977,ACCOUNTING
2026-05-05,AED,0.271365,SPOT
2026-05-05,AED,0.272657,ACCOUNTING
2026-05-06,INR,0.012091,SPOT
2026-05-06,INR,0.012067,ACCOUNTING
2026-05-06,SGD,0.748633,SPOT
2026-05-06,SGD,0.74606,ACCOUNTING
2026-05-06,AED,0.273507,SPOT
2026-05-06,AED,0.272687,ACCOUNTING
2026-05-07,INR,0.012092,SPOT
2026-05-07,INR,0.012068,ACCOUNTING
2026-05-07,SGD,0.75295,SPOT
2026-05-07,SGD,0.746142,ACCOUNTING
2026-05-07,AED,0.272215,SPOT
2026-05-07,AED,0.272718,ACCOUNTING
2026-05-08,INR,0.01223,SPOT
2026-05-08,INR,0.01207,ACCOUNTING
2026-05-08,SGD,0.740178,SPOT
2026-05-08,SGD,0.746225,ACCOUNTING
2026-05-08,AED,0.27207,SPOT
2026-05-08,AED,0.272748,ACCOUNTING
2026-05-09,INR,0.012007,SPOT
2026-05-09,INR,0.012071,ACCOUNTING
2026-05-09,SGD,0.748636,SPOT
2026-05-09,SGD,0.746307,ACCOUNTING
2026-05-09,AED,0.27392,SPOT
2026-05-09,AED,0.272778,ACCOUNTING
2026-05-10,INR,0.01222,SPOT
2026-05-10,INR,0.012072,ACCOUNTING
2026-05-10,SGD,0.748626,SPOT
2026-05-10,SGD,0.746388,ACCOUNTING
2026-05-10,AED,0.274659,SPOT
2026-05-10,AED,0.272807,ACCOUNTING
2026-05-11,INR,0.012015,SPOT
2026-05-11,INR,0.012074,ACCOUNTING
2026-05-11,SGD,0.741516,SPOT
2026-05-11,SGD,0.746469,ACCOUNTING
2026-05-11,AED,0.275421,SPOT
2026-05-11,AED,0.272837,ACCOUNTING
2026-05-12,INR,0.012162,SPOT
2026-05-12,INR,0.012075,ACCOUNTING
2026-05-12,SGD,0.74878,SPOT
2026-05-12,SGD,0.746549,ACCOUNTING
2026-05-12,AED,0.271859,SPOT
2026-05-12,AED,0.272866,ACCOUNTING
2026-05-13,INR,0.01227,SPOT
2026-05-13,INR,0.012076,ACCOUNTING
2026-05-13,SGD,0.751436,SPOT
2026-05-13,SGD,0.746627,ACCOUNTING
2026-05-13,AED,0.272169,SPOT
2026-05-13,AED,0.272895,ACCOUNTING
2026-05-14,INR,0.012098,SPOT
2026-05-14,INR,0.012078,ACCOUNTING
2026-05-14,SGD,0.741232,SPOT
2026-05-14,SGD,0.746704,ACCOUNTING
2026-05-14,AED,0.273505,SPOT
2026-05-14,AED,0.272923,ACCOUNTING
2026-05-15,INR,0.012061,SPOT
2026-05-15,INR,0.012079,ACCOUNTING
2026-05-15,SGD,0.758444,SPOT
2026-05-15,SGD,0.74678,ACCOUNTING
2026-05-15,AED,0.274558,SPOT
2026-05-15,AED,0.272951,ACCOUNTING
2026-05-16,INR,0.011912,SPOT
2026-05-16,INR,0.01208,ACCOUNTING
2026-05-16,SGD,0.756021,SPOT
2026-05-16,SGD,0.746854,ACCOUNTING
2026-05-16,AED,0.273981,SPOT
2026-05-16,AED,0.272978,ACCOUNTING
2026-05-17,INR,0.012207,SPOT
2026-05-17,INR,0.012081,ACCOUNTING
2026-05-17,SGD,0.749056,SPOT
2026-05-17,SGD,0.746926,ACCOUNTING
2026-05-17,AED,0.273577,SPOT
2026-05-17,AED,0.273004,ACCOUNTING
2026-05-18,INR,0.012036,SPOT
2026-05-18,INR,0.012082,ACCOUNTING
2026-05-18,SGD,0.750756,SPOT
2026-05-18,SGD,0.746996,ACCOUNTING
2026-05-18,AED,0.275116,SPOT
2026-05-18,AED,0.27303,ACCOUNTING
2026-05-19,INR,0.011969,SPOT
2026-05-19,INR,0.012083,ACCOUNTING
2026-05-19,SGD,0.744191,SPOT
2026-05-19,SGD,0.747064,ACCOUNTING
2026-05-19,AED,0.271332,SPOT
2026-05-19,AED,0.273054,ACCOUNTING
2026-05-20,INR,0.012226,SPOT
2026-05-20,INR,0.012084,ACCOUNTING
2026-05-20,SGD,0.752886,SPOT
2026-05-20,SGD,0.74713,ACCOUNTING
2026-05-20,AED,0.272764,SPOT
2026-05-20,AED,0.273078,ACCOUNTING
2026-05-21,INR,0.012175,SPOT
2026-05-21,INR,0.012085,ACCOUNTING
2026-05-21,SGD,0.741782,SPOT
2026-05-21,SGD,0.747193,ACCOUNTING
2026-05-21,AED,0.273857,SPOT
2026-05-21,AED,0.273101,ACCOUNTING
2026-05-22,INR,0.012165,SPOT
2026-05-22,INR,0.012086,ACCOUNTING
2026-05-22,SGD,0.745501,SPOT
2026-05-22,SGD,0.747253,ACCOUNTING
2026-05-22,AED,0.273353,SPOT
2026-05-22,AED,0.273124,ACCOUNTING
2026-05-23,INR,0.012134,SPOT
2026-05-23,INR,0.012087,ACCOUNTING
2026-05-23,SGD,0.753096,SPOT
2026-05-23,SGD,0.747311,ACCOUNTING
2026-05-23,AED,0.270882,SPOT
2026-05-23,AED,0.273145,ACCOUNTING
2026-05-24,INR,0.012086,SPOT
2026-05-24,INR,0.012088,ACCOUNTING
2026-05-24,SGD,0.74385,SPOT
2026-05-24,SGD,0.747366,ACCOUNTING
2026-05-24,AED,0.274276,SPOT
2026-05-24,AED,0.273165,ACCOUNTING
2026-05-25,INR,0.012076,SPOT
2026-05-25,INR,0.012089,ACCOUNTING
2026-05-25,SGD,0.751622,SPOT
2026-05-25,SGD,0.747418,ACCOUNTING
2026-05-25,AED,0.271195,SPOT
2026-05-25,AED,0.273184,ACCOUNTING
2026-05-26,INR,0.012064,SPOT
2026-05-26,INR,0.01209,ACCOUNTING
2026-05-26,SGD,0.756957,SPOT
2026-05-26,SGD,0.747467,ACCOUNTING
2026-05-26,AED,0.273064,SPOT
2026-05-26,AED,0.273202,ACCOUNTING
2026-05-27,INR,0.012177,SPOT
2026-05-27,INR,0.012091,ACCOUNTING
2026-05-27,SGD,0.743296,SPOT
2026-05-27,SGD,0.747513,ACCOUNTING
2026-05-27,AED,0.270975,SPOT
2026-05-27,AED,0.273219,ACCOUNTING
2026-05-28,INR,0.012201,SPOT
2026-05-28,INR,0.012091,ACCOUNTING
2026-05-28,SGD,0.751644,SPOT
2026-05-28,SGD,0.747556,ACCOUNTING
2026-05-28,AED,0.27273,SPOT
2026-05-28,AED,0.273234,ACCOUNTING
2026-05-29,INR,0.012218,SPOT
2026-05-29,INR,0.012092,ACCOUNTING
2026-05-29,SGD,0.745286,SPOT
2026-05-29,SGD,0.747595,ACCOUNTING
2026-05-29,AED,0.27202,SPOT
2026-05-29,AED,0.273249,ACCOUNTING
2026-05-30,INR,0.012101,SPOT
2026-05-30,INR,0.012093,ACCOUNTING
2026-05-30,SGD,0.746874,SPOT
2026-05-30,SGD,0.747631,ACCOUNTING
2026-05-30,AED,0.271532,SPOT
2026-05-30,AED,0.273262,ACCOUNTING
2026-05-31,INR,0.012092,SPOT
2026-05-31,INR,0.012093,ACCOUNTING
2026-05-31,SGD,0.749232,SPOT
2026-05-31,SGD,0.747663,ACCOUNTING
2026-05-31,AED,0.274791,SPOT
2026-05-31,AED,0.273273,ACCOUNTING
2026-06-01,INR,0.012293,SPOT
2026-06-01,INR,0.012094,ACCOUNTING
2026-06-01,SGD,0.753599,SPOT
2026-06-01,SGD,0.747692,ACCOUNTING
2026-06-01,AED,0.271711,SPOT
2026-06-01,AED,0.273284,ACCOUNTING
2026-06-02,INR,0.012298,SPOT
2026-06-02,INR,0.012094,ACCOUNTING
2026-06-02,SGD,0.748373,SPOT
2026-06-02,SGD,0.747717,ACCOUNTING
2026-06-02,AED,0.273992,SPOT
2026-06-02,AED,0.273293,ACCOUNTING
2026-06-03,INR,0.012052,SPOT
2026-06-03,INR,0.012094,ACCOUNTING
2026-06-03,SGD,0.748127,SPOT
2026-06-03,SGD,0.747739,ACCOUNTING
2026-06-03,AED,0.273416,SPOT
2026-06-03,AED,0.273301,ACCOUNTING
2026-06-04,INR,0.012151,SPOT
2026-06-04,INR,0.012095,ACCOUNTING
2026-06-04,SGD,0.752245,SPOT
2026-06-04,SGD,0.747757,ACCOUNTING
2026-06-04,AED,0.272845,SPOT
2026-06-04,AED,0.273308,ACCOUNTING
2026-06-05,INR,0.012188,SPOT
2026-06-05,INR,0.012095,ACCOUNTING
2026-06-05,SGD,0.745769,SPOT
2026-06-05,SGD,0.747771,ACCOUNTING
2026-06-05,AED,0.275297,SPOT
2026-06-05,AED,0.273313,ACCOUNTING
2026-06-06,INR,0.012055,SPOT
2026-06-06,INR,0.012095,ACCOUNTING
2026-06-06,SGD,0.743162,SPOT
2026-06-06,SGD,0.747781,ACCOUNTING
2026-06-06,AED,0.272994,SPOT
2026-06-06,AED,0.273317,ACCOUNTING
2026-06-07,INR,0.012085,SPOT
2026-06-07,INR,0.012095,ACCOUNTING
2026-06-07,SGD,0.743847,SPOT
2026-06-07,SGD,0.747788,ACCOUNTING
2026-06-07,AED,0.272868,SPOT
2026-06-07,AED,0.273319,ACCOUNTING
2026-06-08,INR,0.012064,SPOT
2026-06-08,INR,0.012095,ACCOUNTING
2026-06-08,SGD,0.748282,SPOT
2026-06-08,SGD,0.747791,ACCOUNTING
2026-06-08,AED,0.27439,SPOT
2026-06-08,AED,0.27332,ACCOUNTING
2026-06-09,INR,0.012097,SPOT
2026-06-09,INR,0.012095,ACCOUNTING
2026-06-09,SGD,0.744114,SPOT
2026-06-09,SGD,0.74779,ACCOUNTING
2026-06-09,AED,0.272908,SPOT
2026-06-09,AED,0.27332,ACCOUNTING
2026-06-10,INR,0.012175,SPOT
2026-06-10,INR,0.012095,ACCOUNTING
2026-06-10,SGD,0.745348,SPOT
2026-06-10,SGD,0.747786,ACCOUNTING
2026-06-10,AED,0.27194,SPOT
2026-06-10,AED,0.273318,ACCOUNTING
2026-06-11,INR,0.011993,SPOT
2026-06-11,INR,0.012095,ACCOUNTING
2026-06-11,SGD,0.745273,SPOT
2026-06-11,SGD,0.747778,ACCOUNTING
2026-06-11,AED,0.274866,SPOT
2026-06-11,AED,0.273315,ACCOUNTING
2026-06-12,INR,0.012051,SPOT
2026-06-12,INR,0.012095,ACCOUNTING
2026-06-12,SGD,0.74819,SPOT
2026-06-12,SGD,0.747766,ACCOUNTING
2026-06-12,AED,0.272725,SPOT
2026-06-12,AED,0.273311,ACCOUNTING
2026-06-13,INR,0.012065,SPOT
2026-06-13,INR,0.012094,ACCOUNTING
2026-06-13,SGD,0.754244,SPOT
2026-06-13,SGD,0.747751,ACCOUNTING
2026-06-13,AED,0.273289,SPOT
2026-06-13,AED,0.273305,ACCOUNTING
2026-06-14,INR,0.012014,SPOT
2026-06-14,INR,0.012094,ACCOUNTING
2026-06-14,SGD,0.741567,SPOT
2026-06-14,SGD,0.747732,ACCOUNTING
2026-06-14,AED,0.271812,SPOT
2026-06-14,AED,0.273299,ACCOUNTING
2026-06-15,INR,0.01202,SPOT
2026-06-15,INR,0.012094,ACCOUNTING
2026-06-15,SGD,0.752264,SPOT
2026-06-15,SGD,0.74771,ACCOUNTING
2026-06-15,AED,0.273208,SPOT
2026-06-15,AED,0.273291,ACCOUNTING
2026-06-16,INR,0.01211,SPOT
2026-06-16,INR,0.012093,ACCOUNTING
2026-06-16,SGD,0.747314,SPOT
2026-06-16,SGD,0.747685,ACCOUNTING
2026-06-16,AED,0.273226,SPOT
2026-06-16,AED,0.273281,ACCOUNTING
2026-06-17,INR,0.012174,SPOT
2026-06-17,INR,0.012093,ACCOUNTING
2026-06-17,SGD,0.752998,SPOT
2026-06-17,SGD,0.747656,ACCOUNTING
2026-06-17,AED,0.276486,SPOT
2026-06-17,AED,0.273271,ACCOUNTING
2026-06-18,INR,0.012043,SPOT
2026-06-18,INR,0.012092,ACCOUNTING
2026-06-18,SGD,0.74673,SPOT
2026-06-18,SGD,0.747624,ACCOUNTING
2026-06-18,AED,0.273889,SPOT
2026-06-18,AED,0.273259,ACCOUNTING
2026-06-19,INR,0.01222,SPOT
2026-06-19,INR,0.012092,ACCOUNTING
2026-06-19,SGD,0.745393,SPOT
2026-06-19,SGD,0.747589,ACCOUNTING
2026-06-19,AED,0.275123,SPOT
2026-06-19,AED,0.273246,ACCOUNTING
2026-06-20,INR,0.012063,SPOT
2026-06-20,INR,0.012091,ACCOUNTING
2026-06-20,SGD,0.75287,SPOT
2026-06-20,SGD,0.747551,ACCOUNTING
2026-06-20,AED,0.273738,SPOT
2026-06-20,AED,0.273232,ACCOUNTING
2026-06-21,INR,0.012032,SPOT
2026-06-21,INR,0.012091,ACCOUNTING
2026-06-21,SGD,0.748011,SPOT
2026-06-21,SGD,0.74751,ACCOUNTING
2026-06-21,AED,0.274597,SPOT
2026-06-21,AED,0.273217,ACCOUNTING
2026-06-22,INR,0.011899,SPOT
2026-06-22,INR,0.01209,ACCOUNTING
2026-06-22,SGD,0.752627,SPOT
2026-06-22,SGD,0.747466,ACCOUNTING
2026-06-22,AED,0.271207,SPOT
2026-06-22,AED,0.273201,ACCOUNTING
2026-06-23,INR,0.012092,SPOT
2026-06-23,INR,0.012089,ACCOUNTING
2026-06-23,SGD,0.748093,SPOT
2026-06-23,SGD,0.74742,ACCOUNTING
2026-06-23,AED,0.269152,SPOT
2026-06-23,AED,0.273184,ACCOUNTING
2026-06-24,INR,0.012064,SPOT
2026-06-24,INR,0.012088,ACCOUNTING
2026-06-24,SGD,0.750468,SPOT
2026-06-24,SGD,0.747371,ACCOUNTING
2026-06-24,AED,0.27666,SPOT
2026-06-24,AED,0.273167,ACCOUNTING
2026-06-25,INR,0.012168,SPOT
2026-06-25,INR,0.012088,ACCOUNTING
2026-06-25,SGD,0.752669,SPOT
2026-06-25,SGD,0.74732,ACCOUNTING
2026-06-25,AED,0.270097,SPOT
2026-06-25,AED,0.273148,ACCOUNTING
2026-06-26,INR,0.012087,SPOT
2026-06-26,INR,0.012087,ACCOUNTING
2026-06-26,SGD,0.756776,SPOT
2026-06-26,SGD,0.747267,ACCOUNTING
2026-06-26,AED,0.275262,SPOT
2026-06-26,AED,0.273129,ACCOUNTING
2026-06-27,INR,0.012072,SPOT
2026-06-27,INR,0.012086,ACCOUNTING
2026-06-27,SGD,0.749174,SPOT
2026-06-27,SGD,0.747212,ACCOUNTING
2026-06-27,AED,0.27524,SPOT
2026-06-27,AED,0.273108,ACCOUNTING
2026-06-28,INR,0.012179,SPOT
2026-06-28,INR,0.012085,ACCOUNTING
2026-06-28,SGD,0.748119,SPOT
2026-06-28,SGD,0.747155,ACCOUNTING
2026-06-28,AED,0.273246,SPOT
2026-06-28,AED,0.273088,ACCOUNTING
2026-06-29,INR,0.012142,SPOT
2026-06-29,INR,0.012084,ACCOUNTING
2026-06-29,SGD,0.753063,SPOT
2026-06-29,SGD,0.747096,ACCOUNTING
2026-06-29,AED,0.273013,SPOT
2026-06-29,AED,0.273066,ACCOUNTING
2026-06-30,INR,0.011976,SPOT
2026-06-30,INR,0.012083,ACCOUNTING
2026-06-30,SGD,0.748367,SPOT
2026-06-30,SGD,0.747035,ACCOUNTING
2026-06-30,AED,0.271598,SPOT
2026-06-30,AED,0.273044,ACCOUNTING
